RecordId,Parent,Reference,Start Date,End Date,Language Codes,Script Codes,MDARK,Scope & Content,Width (cm),Height (cm),Sibling Order,Title,Newari Date,Fragmentary,rKTs Number,Topic/Related Deity,Genre,IdenticalTo
040-002851169,032-002851168,EAP676/1/1,1600,1999,san;new,Newa,ark:/81055/vdc_100023625596.0x000002,"This is a ritual text dealing with ten life cycle rituals. All the Buddhist have to observe ten life cycle ritual as written in this text. They do it. A Vajrācārya priest always leads and presides such rituals. It starts from birth and ends at death. All the ritual sections within the main ritual such purification, Pujā processes, etc. are prescribed by the text. It is popularly called ''Dasa Karma''.It has It has seven folios. It is the paper manuscript",,,1,Daśa Kriyā,,,,,,
040-002851178,032-002851168,EAP676/1/10,1600,1999,san,Newa,ark:/81055/vdc_100023625596.0x00000b,This test is an eulogy of goddess Tārā. It praises her. Devotees recite it while praying her. It has 4 folios written in Sanskrit. It is in Sanskrit  language. Its paper content looks old. This is the complete text.,,,10,Namastāre Saptaka Viṁśatī,,,K438??,T619,,
040-002851179,032-002851168,EAP676/1/11,1600,1999,san,Newa,ark:/81055/vdc_100023625596.0x00000c,This is a Dhāraṇī text. It is recited as mantra on specific occassions. It is the complete text in 9 folios. Its script is Pracalit Newārī and the language is Sanskrit . It is a paper manuscript of 18.5 x 6.5 cm in size.,18.5,6.5,11,Mahāmāyā Vidyāvahini nāma Dhāraṇī,,,K678??,,T933,
040-002851180,032-002851168,EAP676/1/12,1600,1999,san,Newa,ark:/81055/vdc_100023625596.0x00000d,The Dhāraṇī mantra in the name of Goddess harati is a popular Mantra recited by the Buddhists of Nepal. It is recited while worshipping or venerating the goddess. This is a complete text in 5 folios. It is written in Sanskrit  with Pracalit Newārī script. It is a paper manuscript and in very good condition.,,,12,Hārati nāma Mantra Dhāraṇī,,,,,T933,
040-002851181,032-002851168,EAP676/1/13,1778,1778,san,Newa,ark:/81055/vdc_100023625596.0x00000e,Pañcarakṣā Sutra (sutra of the Five Protective deities) is a very popular and common text of newar Buddhists. This Sutra contains both Sutra and Dhāraṇī contents. This is recited during performing Pancarakshya rituals and worships for mundane benefits. its rituals are performed to ward off evil omens. This text is found from small to larger versions. Mss 013 has only 32 folios which is complete. It is in Sanskrit  language written with Pracalit Newārī script. its colophon mentions the name of  the scribe as Ratna Sagar vajracārya of Tao baha. It was copied in Nepal samvat (Nepal Era) 898 or 1787 CE.. It also contains miniatures of the five transcendental Buddhas.,,,13,Pañcarakṣā Sūtra,898 NS,,T1946,,T933,1
040-002851182,032-002851168,EAP676/1/14,1865,1865,san,Newa,ark:/81055/vdc_100023625596.0x00000f,"Nāmasaṅgīti is a Tantric text. This is all about Bodhisattva Mañjuśrī. This is a common text of Cārya practice among the Newar Buddhist in Kathmandu. Very unusually, this manusccripts contains five images of pañcarakṣa deities. Jnana Vajra vajracārya has written this text. It has 28 folios in pracalit Newārī script. its language is Sanskrit . this manuscript was copied in Nepal Samvat 985 (1894 CE).. It is smeared with yellow substance. It is a complete text and is in very good condition",,,14,Nāmasaṅgīti,985 NS,,K360,,,
040-002851183,032-002851168,EAP676/1/15,1600,1999,san,Newa,ark:/81055/vdc_100023625596.0x000010,Cakrasaṃvara is a tantric deity who is very popular among the Newār buddhist. His consort is Vajravārāhi. This is an incomlete text but in a very good condition. The place for miniature is left un painted. It contains only 5 folios. It is in Sanskrit written with Pracalit Newārī script.folios 5to 8 are missing. its size is 19.5 x 7.5 cm.,19.5,7.5,15,Cakrasaṃvarasya Mūlamantroddhāraṇī,,,,T423,T933,
040-002851184,032-002851168,EAP676/1/16,1600,1999,san;new,Newa,ark:/81055/vdc_100023625596.0x000011,This is a hindu ritual text. It is a folded book of 31 folios written on both sides.its size is 12.5 x 6 cm. Its author is Daka. It is in Sanskrit  written with Pracalit Newārī script. T is not complete. Some folios are missing. It has several seed syllable tables.,12.5,6,16,Dākakṛta Kākaparikṣā,,,,T1KG89007,,
040-002851185,032-002851168,EAP676/1/17,1600,1999,san,Deva,ark:/81055/vdc_100023625596.0x000012,Bhauma Stotra is a hindu eulogy. It has 4 folios of 16 x 8 cm folios. It is in Sanskrit  written with Devanagari scripts. It is in a very good condition. This stotra has been imbede in the mother text skanda Purāṇa.,16,8,17,Bhauma Stotra,,,,T1KG89007,T933,
040-002851186,032-002851168,EAP676/1/18,1600,1999,san,Newa,ark:/81055/vdc_100023625596.0x000013,Mahābhārata is a very popular epic of the Hindus. It is copied by baldev Sharma. This manuscript is in Sanskrit  written with Pracalit Newārī script. It has 76 folios of 41 x 9 cm in size. The date of this manuscript id Nepal samvat 796 (1685 CE). It deals with only one chapter of the epic which is the Gada Parva. It is not a comple text.,,,18,Mahābhārata Gadā Parva,,,,T1KG89007,,
040-002851187,032-002851168,EAP676/1/19,1600,1999,san,Newa,ark:/81055/vdc_100023625596.0x000014,This Mahābhārata manuscript is in Sanskrit  and pracalit script. It has 141 folios. This is written on paper folios. Its size is 42 x 7 cm.this is an incomplete manuscript. Some folios are damaged.,42,7,19,Mahābhārata,,,,T1KG89007,,
040-002851170,032-002851168,EAP676/1/2,1600,1999,san;new,Newa,ark:/81055/vdc_100023625596.0x000003,"This is an astronomical text. Basically it is a Hindu text. Many of the Vajrācāryas from Buddhist community in Lalitpur mastered in astrology and worked accordingly since the medieval times. They use even Hindu astrological and other text for the use of Buddhists in such purposes. It discuses about the planets, their positions and its impact on individuals life. It has 25 folios and partly damaged but text is intact. Folio 1 is missing. language is Sanskrit  written in Devanagari script.",,,2,Tithi Phala Vicāra,,,,T1834,,
040-002851188,032-002851168,EAP676/1/20,1600,1999,san,Newa,ark:/81055/vdc_100023625596.0x000015,This is a hindu ritual text.  It is written by Sri Haripati. Its script is Pracalit Newārī and language is Sanskrit . It has 38 folios written on paper. Some folios of this text are missing.,,,20,Śrī Haripati Viracita Jātaka nāma,,,,T1KG89007,,
040-002851189,032-002851168,EAP676/1/21,1600,1999,san,Deva,ark:/81055/vdc_100023625596.0x000016,Kāma Shastra is a Hindu erotic literature. It discusses about  sex and sexual positions. Folios from 3 to 7 are missing in this manuscript. It has 18 folios extant and all are in very good condition. The script used is Devanagari. This text is in Sanskrit . Its size is 19.5 x 10 cm.,19.5,10,21,Kāma Śāstra,,,,T1KG89007,T2016,
040-002851190,032-002851168,EAP676/1/22,1600,1999,san,Deva,ark:/81055/vdc_100023625596.0x000017,"Literally 'Deva Vaca ' is the words of the god. It has only one folio. Words of god are listed in sixteen points suplimented by a numerical table providing 4 groups of numbers. The total sum of  numerals used in each vertical, horizontal or diagonal rows is 34. Although its subject is not clearly known from the folio, it seems a text with with sixteen steps of recitation. This manuscript is written in modern paper folios. Its size is 8.5 x 6.5 cm.",8.5,6.5,22,Deva Vācā,,,,,,
040-002851191,032-002851168,EAP676/1/23,1600,1999,san,Newa,ark:/81055/vdc_100023625596.0x000018,Tārā is a famous Buddhist deity who has both Tantric and non tantric forms. This text is the eulogy of Tārā which is recited to please her and exact boons. It has 1 folio which is incomplete. It is in Sanskrit  and written with pracalit Newārī script. Its size is 18 x 7 cm.,18,7,23,Ārya Tārā Stotra,,,K438,T619,T67,
040-002851192,032-002851168,EAP676/1/24,1600,1999,san,Newa,ark:/81055/vdc_100023625596.0x000019,This is a ritual text used by the Newar Buddhist.only one folio no 3 is extant. The paper is smeared with yellow substance. Its language is Sanskrit  and script is Sanskrit.,,,24,Tattva Jñāna Samsiddhi Vākpujā Vidhi,,,,,,
040-002851193,032-002851168,EAP676/1/25,1600,1999,new,Newa,ark:/81055/vdc_100023625596.0x00001a,This manuscript Śuka Saptatī Saptavāra Kathā Saṁgraha or the Carita Kathā is a Hindu text. It is a Hindu story written in Newārī language. Its script is Pracalit Newārī. Altogether 196 folios are extant. but in total 126 folios are missing. It was written in Nepal Samvat 874 (1763 CE). it was copied by Ja Nath KarmachĀrya. The size of the folios is 28 x 9 cm.,28,9,25,Śuka Saptatī Saptavāra Kathā Saṁgraha Caritra Kathā,,,,T1KG89007,,
040-002851171,032-002851168,EAP676/1/3,1874,1874,san,Newa,ark:/81055/vdc_100023625596.0x000004,"Newar Buddhists lay top most priority in reciting Mantras and Dhāraṇī to accumulate merit. This is one among many Dhāraṇī prevalent in the Newar society. This Dhāraṇī is recited mainly for good health and long life.It has 25 folios written in Pracalit Newārī script. Its language is Sanskrit . Although it is written in old paper, it is in very good condition. Provision for miniature is left blank.",,,3,Aprimitāyu nāma Dhāraṇī,994 NS,,K670,,T933,
040-002851172,032-002851168,EAP676/1/4,1600,1999,san,Newa,ark:/81055/vdc_100023625596.0x000005,"Vajrayana practitioners in Nepal lay higher emphasisin ritual performances. Therefore emphasize in Mantra recitation. Among nuwerous types of Mantras, Bouddha Mantra is anpther important Mantra recited in various occassions.It has 4 folios written in modern paper with red and black ink. its language is Sanskrit  and script is Pracalit Newārī.",,,4,Bouddha Mantra,,,,,,
040-002851173,032-002851168,EAP676/1/5,1857,1857,san,Deva,ark:/81055/vdc_100023625596.0x000006,Subject - astrology.. It is written in 2 long pages in Nepali modern paper. Its author is Sri Pati Bhatta. It belongs to Hinduism. Its language is Sanskrit  written in Devnagari. It was copied in 1857.,,,5,Jyotiṣa Ratnamālā,1914 BS,,,"T1834,T1KG89007",,
040-002851174,032-002851168,EAP676/1/6,1600,1999,san;new,Deva,ark:/81055/vdc_100023625596.0x000007,It is a ritual mantra text written in 2 long pages in Nepali paper. Sanskrit  and Newārī are used in the text. Newārī is generally used in manuscripts to provide explanation to Sanskrit  injuctions or provide instructions.,,,6,Saptavimśatikā Ketrayā Vidhi,,,,,,
040-002851175,032-002851168,EAP676/1/7,1600,1999,san,Newa,ark:/81055/vdc_100023625596.0x000008,This is Stotra [Eulogy] of the moon of tenth day of the bright half of the month.It has 3 folios but complete. It is written in Nepali hand made paper. Its language is Sanskrit  and script used is Pracalit Newārī. Its condition is very good.,,,7,Dvāśa Purṇa Candra Stotra,,,,,T67,
040-002851176,032-002851168,EAP676/1/8,1600,1999,san,Newa,ark:/81055/vdc_100023625596.0x000009,This is the Stotra of Ganesha.it has 3 folios written in Sanskrit  using Pracalit Newārī script.It is complete and is in very good condition.,,,8,Ārya Gaṇapati nāma Dhāraṇī,,,,T1852,T933,
040-002851177,032-002851168,EAP676/1/9,1600,1999,san,Newa,ark:/81055/vdc_100023625596.0x00000a,This Dhāraṇī Mantra text is written in Sanskrit  with Pracalit Newārī and Rañjanā scripts mixed. It is a paper manuscript. It has 4 folios of 8.5 x 6.5 cm in size. It has complete contents.,8.5,6.5,9,Mahāṣḍākṣarī Mahāvidyā Dhāraṇī,,,,,T933,
040-002851294,032-002851293,EAP676/10/1,1943,1943,new,Deva,ark:/81055/vdc_100023625596.0x00007f,"Svayambhū Purāṇa is a fifteenth century text. This manuscript discusses about Svayambhū Stūpa. This Purāṇa is lively in Newār culture. It mainly focuses on origin of Kathmandu valley, twelve pilgrimages, eight holy sites and arrival of Mañjuśrī Bodhisattva. It is written in Newārī language with Pracalit Newārī script. It was copied in Nepal Samvat 1063 in Lalitpur. It is in a very good condition. Writing is very fine. It also carries twelve miniatures of various Svayambhū Stūpa and Bodhisattvas.",,,1,Svayambhū Purāṇa,NS 1063,,,T2KG207410,,2
040-002851303,032-002851293,EAP676/10/10,1600,1999,san;new,Deva,ark:/81055/vdc_100023625596.0x000088,This Pujā Saphū the book of worship is in mixed language - Sanskrit  and Newarī. It is in very good condition.,,,10,Pujā Saphū,,,,,,
040-002851295,032-002851293,EAP676/10/2,1600,1999,new,Deva,ark:/81055/vdc_100023625596.0x000080,This is the fragment of Svayambhū Purāṇa.It has two folios in Newārī. Its script iss Devanāgarī. Its size is 32 x 12 cm.,32,12,2,Svayambhū Purāṇa,,x,,T2KG207410,,2
040-002851296,032-002851293,EAP676/10/3,1600,1999,san,Deva,ark:/81055/vdc_100023625596.0x000081,This manuscript is the Dhāraṇī Mantra of Gaṇeś. It is a Sanskrit fragment written with Pracalit Newārī script. It is nicely written text. This Dhāraṇī is very important for devotees.,,,3,Ganapati Dhāraṇī,,x,,T1852,T933,
040-002851297,032-002851293,EAP676/10/4,1941,1941,new,Deva,ark:/81055/vdc_100023625596.0x000082,This manuscript is a story of Suryodaya Rājā.It is in Newārī language written with devnāgarī script. Manuscript is in a good condition.,,,4,Vasundharā Kalpāvadāna Suryodaya Rājā Uddāra Kathā,NS 1061,,,,,
040-002851298,032-002851293,EAP676/10/5,1600,1999,san,Deva,ark:/81055/vdc_100023625596.0x000083,This manuscript is Mahāpratyaṅgīra Dhāraṇī. It is a Tantric text. No date is mentioned in the text but It looks quite old. It is a Sanskrit  text in Pracalit script.,,,5,Sarvatathāgatoṣṇīśa Sitātapatrānāmāparjitā Mahāpratyaṅgīrā Mahāvidyārājñī,,,,T1KG89007,,
040-002851299,032-002851293,EAP676/10/6,1600,1999,san,Deva,ark:/81055/vdc_100023625596.0x000084,This is a Dhāraṇī text related to ''Dhvaja'' flag. It has four folios which is complete. This is an old Sanskrit  manuscript written in Pracalit Newārī.,,,6,Ārya Dhvajāgrakeyurī nāma Dhāraṇī,,,K606?,,T933,
040-002851300,032-002851293,EAP676/10/7,1600,1999,san,Deva,ark:/81055/vdc_100023625596.0x000085,"This is the collection of seven Dhāraṇīs for each day of the week to recite. These are Aṣṭottara Sataṁ, Vajra Vidariṇī Hṛdaya mantra, Gaṇapati Hṛdaya, Uṣṇīṣa Vijaya, Parṇa Sabarī, Maricināma Dhāraṇī, Grahamatrika. It was cpied by a Vajrācārya of hiraṇya Varṇa Mahāvihāra.",,,7,Saptavāra Dhāraṇī,,,K610?,,T933,
040-002851301,032-002851293,EAP676/10/8,1600,1999,san,Deva,ark:/81055/vdc_100023625596.0x000086,"It is a Mantra text to recite in the name of five transcendental Buddhas. This manuscript is nicely written but here it is only one folio, remaining folios are missing. It is in Sanskrit  wrtten in Devanāgarī.",,,8,Śrī Pañca Buddha Jāpa Mantra,,,,,,
040-002851302,032-002851293,EAP676/10/9,1600,1999,san,Deva,ark:/81055/vdc_100023625596.0x000087,"It is a tantric text related to worship of Cakrasaṃvara. This Mantra is recited during his worship. This manuscript is in Sanskrit. Folio s written with Devanāgarī script. Its condition is good. However, there is only one folio others folios are missing.",,,9,Śrī Cakrasaṃvara Pujā Nyasa Mantra,,,,T423,,
040-002851305,032-002851304,EAP676/11/1,1600,1999,san,Newa,ark:/81055/vdc_100023625596.0x00008a,This is the stotra of the Full Moon. It is partly damaged. It is recited to venerate the moon. This manuscript is in Sanskrit and its script is pracalit Newārī.,,,1,Dvādaśa Purṇa Candra Stotra,,,,,T67,
040-002851306,032-002851304,EAP676/11/2,1600,1999,san,Newa,ark:/81055/vdc_100023625596.0x00008b,There are various mixed fragments in this collection. Styles of writing and papers folios are different. Size also varies to each other.,,,2,Unknown Misc Fragments@en,,x,,,,
040-002851307,032-002851304,EAP676/11/3,1600,1999,san,Newa,ark:/81055/vdc_100023625596.0x00008c,This is one folio manuscript which is the mantra of Gaṇapati. Very beautiful Gaṇeś image is depicted in the folio. It is white coloured Gaṇeś. This miniature is the beauty of this manuscript. Its text is in Sanskrit  written in Pracalt Newārī script.,,,3,Gaṇapati Hṛdaya Dhāraṇī,,,K659?,T1852,T933,
040-002851309,032-002851308,EAP676/12/1,1600,1999,san,Newa,ark:/81055/vdc_100023625596.0x00008e,Lalitvistara Sūtra is the birth story of the Buddha. This manuscript is in very good condition and nicely written. It is the complete text of the Sūtra. This Sutra is in Sanskrit  written in Pracalit Newārī script. The folio size is 40 x 12 cm.,40,12,1,Lalitvistara Sūtra,NS 933,,K95,,,
040-002851318,032-002851308,EAP676/12/10,1600,1999,san,Newa,ark:/81055/vdc_100023625596.0x000097,"This is the manuscript of Grahamātrikā. But this manuscript is fragmentory. It is in Sanskrit  written with Pracalit Newari script. Out of more than forty folios, it has only six folios extant. Size of folios is 20 x 7.5 cm.",20,7.5,10,Grahamātrikā,,x,K654 & K655,,,
040-002851319,032-002851308,EAP676/12/11,1600,1999,san,Deva,ark:/81055/vdc_100023625596.0x000098,"This is a collection of some Stotras attributed to various deities. Mainly Stotras are for peace and well being attributed to some wrathful deities. In addition, two Stotras are addressed to Gaṇeśa and the Buddha.It is in Sanskrit  written in Devanāgarī. This manuscript is 24 x 8 in size. Some folios are partly damaged.",24,8,11,"Stotraṃ [Aṅgāraka Stotra, Buddha Stotraṃ, Śukra Śānti, Śaniscara Stava Stotrarāja, Ketu Stotra, Saṅkatā Dīvyastotra]",,,,,T67,
040-002851320,032-002851308,EAP676/12/12,1600,1999,san,Newa,ark:/81055/vdc_100023625596.0x000099,"It is about the holy pilgrimages. This is an important Buddhist text of Newār people. But several of the folios have been missing, thus it is now fragmentory. It is written in Pracalit Newāri. Its language is Sanskrit .",,,12,Tīrtha Mahātmya,,x,,,,
040-002851321,032-002851308,EAP676/12/13,1600,1999,san,Newa,ark:/81055/vdc_100023625596.0x00009a,"This manuscript is a text if Dhāraṇī Mantra. A larger portion of the text has been missing. Three Dhāraṇīs - Devendra Dhāraṇī, Ārya Sarva Maṅgala Dhāraṇī, Vajrakāyā Dhāraṇī  are extant in the manuscript fragments. The missing folios must have very important Buddhist Dhāraṇīs. Condition of extant folios is very good.",,,13,"Dhāraṇīs [Devendra Dhāraṇī, Ārya Sarva Maṅgala Dhāraṇī, Vajrakāyā Dhāraṇī]",,x,,,T933,
040-002851322,032-002851308,EAP676/12/14,1600,1999,san,Newa,ark:/81055/vdc_100023625596.0x00009b,"This manuscript deals with Caitya and its veneration. This  the fragments of the text. Only folios 2, 7 and 13 are extant. This text is in Sanskrit  written in Pracalit Newārī. Folios are partly damaged",,,14,Caitya Bhaṭṭāraka,,x,,,,
040-002851323,032-002851308,EAP676/12/15,1600,1999,san,Newa,ark:/81055/vdc_100023625596.0x00009c,This fragments of Prajñāpāramitā manuscripts has two folios. This text is very important in mahāyāna Buddhism which extensively deals with 'śūnyatā' [Voidness]. These folios are the part of Aṣṭasāhasrikā Prajñāpāramita. Here are folios nos 182 and 281. Remaining folios are unnoticed. It is in Sanskrit  written in Pracalit Newārī. Its sizeis 38 x 11 cm.,38,11,15,Aṣṭasāhasrikā Prajñāpāramitā Sūtra,,x,K12,,,
040-002851324,032-002851308,EAP676/12/16,1600,1999,san,Deva,ark:/81055/vdc_100023625596.0x00009d,This is astrology text authored by Lakṣmidhara. It decides days and various claendrical moments and times according to Lunar calender. This is in Sanskrit  written in Devanāgarī. Folios are slightly damaged in the one side of the border. Texts is written nicely.,,,16,Tithi Nirṇaya,,,,T1834,,
040-002851325,032-002851308,EAP676/12/17,1600,1999,san,Deva,ark:/81055/vdc_100023625596.0x00009e,"This book is bound book type manuscript of Stotras. It has three Stotra Ārya Tārā Sragdharā Stotra, Graha Stotra and Aṣṭamaṅgalāṣṭaka Stotra.All the Stotras are in Sanskrit  written in Devanāgarī. It is in very good condition. The size of this manuscript is 21.5 x 14 cm.",21.5,14,17,"Ārya Tārā Sragdharā Stotraṃ [Graha Stotra, Aṣṭamaṅgalāṣṭaka Stotra]",,,,T619,,
040-002851310,032-002851308,EAP676/12/2,1600,1999,san,Newa,ark:/81055/vdc_100023625596.0x00008f,This Sūtra is called the 'Lotus Sūtra'. This is a popular Buddhist Sūtra. Here is a complete manuscript of the Sūtra. Its text is in Sanskrit  and script is Pracalit Newārī. Folios size is 36 x 10 cm.,36,10,2,Saddharmapuṇḍarika Sūtra,,,K113,,,
040-002851311,032-002851308,EAP676/12/3,1795,1795,san,Newa,ark:/81055/vdc_100023625596.0x000090,This Sūtra - 'Gaṇḍavyūha Sūtra mentions about the Compassionate Bodhisattva Avalokiteśvara. It is another popular Sūtra in Mahāyāna Buddhism. This manuscript is a Sanskrit  Mahāyāna manuscript.Its script is 'Pracalit Newārī'. One side of the folios issmeared with poisonus yellow substance. The entire folios are perfectly fine. The folios are of the size of 44.5 x 10.5 cm.,44.5,10.5,3,Gaṇḍavyūha Sūtra,915 NS,,K110,T106,,
040-002851312,032-002851308,EAP676/12/4,1600,1999,san,Newa,ark:/81055/vdc_100023625596.0x000091,This manuscript is the Daśabhūmika Sūtra. This is a Sanskrit text written in Pracalit Newārī. This has been maintained very satisfactorily. It is written on paper. Alternate name: Daśabhūmika Sūtra,,,4,Daśabhūmīśvara nāma Mahāyāna Sūtra [Daśabhūmika Sūtra],,,K857,,,
040-002851313,032-002851308,EAP676/12/5,1730,1730,san,Newa,ark:/81055/vdc_100023625596.0x000092,This manuscript is in Sanskrit written in Pracalit Newārī script. It has very fine writing. Both sides of the folios are smeared with yellow coloured poisonus substance. Size of folios is 37.5 x 10.5 cm. This Sūtra has been included in the nine Vaipūlya Sūtras by the Newār Buddhists. Alternate name: Candrapradīpa Sūtra.,,,5,Samādhīrāja Sūtra [Candrapradīpa Sūtra],NS 850,,K127,,,
040-002851314,032-002851308,EAP676/12/6,1600,1999,san,Newa,ark:/81055/vdc_100023625596.0x000093,This Sūtra deals with mind and mental aspects which is an important text of Yogācāra Buddhism. Its folios are nicely written. Its language is sanscrit and script is Pracalit Newārī. It is in the very good condition. Its size id 44 x 12 cm.,44,12,6,Laṅkāvatāra Sūtra,,,K107,,,
040-002851315,032-002851308,EAP676/12/7,1800,1800,new,Newa,ark:/81055/vdc_100023625596.0x000094,This manuscript of yāmbū Purāṇa mainly deals with Svayambhū Utpatti Kathā (Story of the Origin of Svayambhū). In total ten folios are missing. It is nicely written. It has two wooden covers. The first cover has beautiful paintings of patterns and designs.,,,7,Svayambhū Purāṇa,NS 920,,,T2KG207410,,2
040-002851316,032-002851308,EAP676/12/8,1600,1999,san,Newa,ark:/81055/vdc_100023625596.0x000095,Avadāna Kathā is a text that deals with miscellanous Buddhist stories. Folios are written very clearly in Sanskrit . Script of this manuscript id Pracalit Newārī. This manuscript is incomplete. Some of the folios are missing. Some fourteen folios have been missing.,,,8,Avadāna Kathā [Dvāviṃśati],,,,,,
040-002851317,032-002851308,EAP676/12/9,1600,1999,san,Newa,ark:/81055/vdc_100023625596.0x000096,Somebody named Daibajña Dharaṇidhara copied this manuscript. This is the book of generosity (Dāna). It has nice and clean writing text is in Sanskrit  language. Its script is Pracalit Newārī.,,,9,Dāna Ratnākara,,,,,,
040-002851327,032-002851326,EAP676/13/1,1841,1841,san,Newa,ark:/81055/vdc_100023625596.0x0000a0,"This is the protective Sūtra manuscript. It is the combination of five Sutra. Thus, it is called 'Fivefold protection'. It is nicely written. Four folios in the entire text have been missing. It is the Sanskrit  Sūtra written in Pracalit Newāri script. The size is 34 x 9.5 cm.",34,9.5,1,Pañcarakṣā Sūtra,NS 961,,T1946,,T933,1
040-002851329,032-002851328,EAP676/14/1,1600,1999,zxx,Zxxx,ark:/81055/vdc_100023625596.0x0000a2,"These are the wooden the manuscript covers. Its size is always fixsed according to the size of the folios in a manuscript. These covers are from different manuscripts. However, in this case these are without manuscripts. Very nice historical paintings are on these covers. Here are the images of the Buddhas and some tantric deities. Two cover's carved with patterns.",,,1,Wooden Covers,,,,,T00KG03985,
040-002851338,032-002851328,EAP676/14/10,1600,1999,san,Newa,ark:/81055/vdc_100023625596.0x0000ab,This is the manuscript of Aparimtāyu dhāraṇī. Its language is Sanskrit  and script used is Pracalit Newārī. Folios are partly damaged. Its size is 19 x 7 cm in size.,19,7,10,Aparimitāyu nāma Dhāraṇī,,,,,T933,
040-002851339,032-002851328,EAP676/14/11,1600,1999,san,Newa,ark:/81055/vdc_100023625596.0x0000ac,"This manuscript has old look. It is the Dhāraṇī of Grahamātrikā. Its language is Sanskrit  and script is Pracalit Newārī. Part of the folios have been lost. Thus, it is an incomplete manuscript.",,,11,Grahamātrikā Dhāraṇī,,,,,T933,
040-002851340,032-002851328,EAP676/14/12,1600,1999,san,Newa,ark:/81055/vdc_100023625596.0x0000ad,"It is the Dhāraṇī of Pratyaṅgīrā called Mahāvidyārajnī. Its language Sanskrit  written with Pracalit Newāī script. Its look is old, however, folios are partly damaged. Its size is 19 x 6.5.",19,6.5,12,Ārya Sarvatathāgatoṣṇiṣ Sitātapatrānāmaparājitā Mahāpratyaṅgirā nāma Dhāraṇī Mahavidyārajñī,,,,T1KG89007,T933,
040-002851341,032-002851328,EAP676/14/13,1826,1826,san,Newa,ark:/81055/vdc_100023625596.0x0000ae,This the Sūtra of 'Five protective deities. It is a very common text in the Newār Buddhist society. Its size is 35 x 9 cm. Nine folios have been missing  It was copied in NS tenth century. Folios are partly damaged to some extent.,35,9,13,Pañcarakṣā Sūtra,NS 946,,T1946,,T933,1
040-002851342,032-002851328,EAP676/14/14,1683,1683,san,Newa,ark:/81055/vdc_100023625596.0x0000af,This is the Sūtra of Mahāyāna Buddhism. Its language is Sanskrit. It looks nice and is in very good condition. It was written in the ninth century of Nepal Samvat. It is nice looking. Its size is 38 x 8 cm.,38,8,14,Lalitavistara nāma Mahāyāna Sūtra,NS 803,,K95,,,
040-002851343,032-002851328,EAP676/14/15,1600,1999,san,Newa,ark:/81055/vdc_100023625596.0x0000b0,This is a Sūtra manuscript written in Pracalit Newārī script. It is fairly written medieval book. It is written in Pracalit Newārī script. It was written in the tenth century Nepal Samvat. Folios are partly damaged.,,,15,Kāraṇḍavyūha Sūtra,NS 908,,K116,,,
040-002851344,032-002851328,EAP676/14/16,1797,1797,san,Newa,ark:/81055/vdc_100023625596.0x0000b1,"The subject of this manuscript is 'Vasundhara Vrata or Aṣṭamī Vrata. Although it looks good, folios are partly damaged. It is a ritual text. Its date is tenth century, Nepal Samvat. Folios size is 31.5 x 7.5 cm.",31.5,7.5,16,Vasundharādevī Vrata,NS 917,,,,,
040-002851345,032-002851328,EAP676/14/17,1600,1999,new,Newa,ark:/81055/vdc_100023625596.0x0000b2,This book is in Newārī language. The Newārī title is Vasundhara Devī yā bakhaṁ (The Story of Vasundharā Devī. The first folio is missing. This manuscript is in Newārī language. Its size is 23.5 x 7.5 cm.,23.5,7.5,17,Vasundharā Devī yā Bākhaṃ,,,,,,
040-002851346,032-002851328,EAP676/14/18,1814,1814,san,Newa,ark:/81055/vdc_100023625596.0x0000b3,This protective Sūtra was written in the tenth century of Nepal Samvat. It is in the Pracalit Newārī script. It is a Sanskrit  Sūtra. It looks old and partly damaged. It has complete folios.,,,18,Pañcarakṣā Sūtra,NS 934,,T1946,,T933,1
040-002851347,032-002851328,EAP676/14/19,1600,1999,san,Newa,ark:/81055/vdc_100023625596.0x0000b4,"It is a Tantric Pujā Vidhi of Cakrasamvara. It is in Sanskrit  language and Pracalit Newārī script. It is a frequently used by the Vajrācārya priests to perform Cakrasaṁvara Pujā. So, it looks old. It does not mention date of writing. Its size is 26 x 7 cm.",26,7,19,Cakrasamvara Pujā Vidhi,,,,T423,,
040-002851330,032-002851328,EAP676/14/2,1600,1999,san;new,Deva,ark:/81055/vdc_100023625596.0x0000a3,This  manuscript deals with polity. It is written in Sanskrit  with explanations in Newārī. Its script is Devanāgarī. It is very nice looking and fairly written manuscript.It is incomplete text as two preliminary folios have been lost.,,,2,Cāṇakya Sāra Saṃgraha,,,,,,
040-002851348,032-002851328,EAP676/14/20,1600,1999,san,Newa,ark:/81055/vdc_100023625596.0x0000b5,This is 'Paramārtha Nāmasaṁgīti' manuscript. It is a Tantra text. Its language is Sanskrit  and written in Pracalit Newārī. It is in the very good conditīon. This is a very common text among the Buddhists in Nepal.,,,20,Paramārtha Nāmasaṅgīti,,,K360,,,
040-002851349,032-002851328,EAP676/14/21,1809,1809,san,Newa,ark:/81055/vdc_100023625596.0x0000b6,This is a 'Grahamātrikā Dhāraṇī' manuscript. It is written in Sanskrit . It looks quite old but it was written in the tenth century Nepal Samvat. Its folios are of 25.5 x 6.5 in size.,25.5,6.5,21,Ārya Grahamātrikā nāma Dhāraṇī,NS 929,,K654-K655?,,T933,
040-002851350,032-002851328,EAP676/14/22,1600,1999,san,Newa,ark:/81055/vdc_100023625596.0x0000b7,This is a 'Tārā Stotra' manuscript. It has  colourful writing. Its text is in Sanskrit  written in 'Pracalit Newārī' script. It is readable. Folio size of this manuscript is 23 x 7 cm.,23,7,22,Ārya Tārā Bhaṭṭārikā yā Namastottara śatakaṃ,,,K721?,T619,,
040-002851351,032-002851328,EAP676/14/23,1600,1999,san,Newa,ark:/81055/vdc_100023625596.0x0000b8,This is 'Cakrasamvara dhāraṇī'. It is composed in Sanskrit . Its folios are partly damaged. Its size is 23 x 7 cm.,23,7,23,Cakrasaṃvarasya Mūlamantra Dhāraṇī,,,,T423,T933,
040-002851352,032-002851328,EAP676/14/24,1600,1999,san,Newa,ark:/81055/vdc_100023625596.0x0000b9,This is the Dhāraṇī of Goddess Tārā. This is a partly damaged old manuscript. It has unfair writing. Its size is 20 x 7.5 cm.,20,7.5,24,Ārya Tārā nāma Dhāraṇī,,,K724?,T619,T933,
040-002851353,032-002851328,EAP676/14/25,1946,1946,san,Newa,ark:/81055/vdc_100023625596.0x0000ba,"This is a complete manuscript of 'Bagalāmūkhī Stotra. It was composed in the eleventh century of Nepal Samvat. Folios are partly damaged. However, text is intact.",,,25,Bagalāmūkhī Stotra,NS 1066,,,,T67,
040-002851354,032-002851328,EAP676/14/26,1600,1999,san,Newa,ark:/81055/vdc_100023625596.0x0000bb,This is the Stotra of Bhagavatī. This one of the important Hindu texts that have been used by the Hindu community for religious purposes. Its language is Sanskrit  written in Pracalit Newārī script.,,,26,Durgāsataka Bhagavatī Gītā,,,,T1KG89007,,
040-002851355,032-002851328,EAP676/14/27,1600,1999,san,Newa,ark:/81055/vdc_100023625596.0x0000bc,This is the Dhāraṇī of Caṇḍamahāroṣaṇa written in Sanskrit. This manuscript is in Pracalit Newārī script. Its folios are partly damaged.,,,27,Caṇḍamahāroṣaṇa Bali nāma Dhāraṇī,,,,,T933,
040-002851356,032-002851328,EAP676/14/28,1950,1950,san,Newa,ark:/81055/vdc_100023625596.0x0000bd,"This is Kālacakra Dhāraṇī. It is a Dhāraṇī of a Tantric deity. It is written on the modern brown paper which is different from traditional manuscript writing paper. Therefore, it is quite modern. The condition of manuscript is good but writing is neither smooth nor artistic. It was written in the eleventh century Nepal Samvat. The manuscript folios are of 11.5 x 8 cm in size.",11.5,8,28,Acalavīra Śrī Guhya Kālacakra nāma Hṛdaya Dhāraṇī,NS 1070,,,T74,T933,
040-002851357,032-002851328,EAP676/14/29,1904,1904,san,Newa,ark:/81055/vdc_100023625596.0x0000be,This is a 'Bhāvanā' manuscript.It is in Sanskrit  written in 'Pracalit Newārī' script. The status of manuscript is good. This manuscript is of 20 x 9 in size.,20,9,29,Nityācāra Mānasī Bhāvanā,NS 1024,,,,,
040-002851331,032-002851328,EAP676/14/3,1600,1999,san;new,Deva,ark:/81055/vdc_100023625596.0x0000a4,This is a Stotra manuscript written in Sanskrit  and Newārī languages. Main text is in Sanskrit  and its explanations are in vernacular Newārī. Devnāgarī is the script of this book. This Stotra is very popular Stotra in Nepal. Its status is very good. Folios are of 21.5 x 9 cm in size.,21.5,9,3,Āryatārā Bhaṭṭārikā namastottara Śatakaṃ,,,,T619,T67,
040-002851358,032-002851328,EAP676/14/30,1921,1921,san,Newa,ark:/81055/vdc_100023625596.0x0000bf,This is a Prajñāpāramitā Stotra. It is very brief. Its folios are partly damaged. It is a Sanskrit  Stotra written in Pracalit Newārī script.Its size is 22.5 x 7.5 cm.,22.5,7.5,30,Prajñāpāramitā Ekaviṃśati Stotra,NS 1041,,K1114??,,T67,
040-002851359,032-002851328,EAP676/14/31,1946,1946,san,Newa,ark:/81055/vdc_100023625596.0x0000c0,"This Dhāraṇī manuscript is badly written, however, text is in tact. It is in Sanskrit  written in Pracalit Newārī script. It was written in the eleventh century of Nepal era.",,,31,Śanicara nāma Dhāraṇī,NS 1066,,,,T933,
040-002851360,032-002851328,EAP676/14/32,1600,1999,san,Newa,ark:/81055/vdc_100023625596.0x0000c1,"This is a Sūtra manuscript written in Pracalit Newārī script. It is in Sanskrit. It has fine writing. However, the very first folio has been missing.",,,32,Aparimitā Mahāyāna Sūtra,,,?,,,
040-002851361,032-002851328,EAP676/14/33,1600,1999,san,Newa,ark:/81055/vdc_100023625596.0x0000c2,This is an Aparājitā Dhāraṇī manuscript. It is in the Pracalit Newārī script. This Dhāraṇī is in Sanskrit. Folios are fine and are in good condition. It was written in the eleventh century of Nepal era. It was copied by a Vajrācārya of Hena Varṇa Mahāvihāra. Its size is 23.5 x 7 cm.,23.5,7,33,Ārya Tathagatoṣṇīṣa Sitātapatrānām āparajitā Mahāvidyārājñī,,,,,,
040-002851362,032-002851328,EAP676/14/34,1600,1999,san,Newa,ark:/81055/vdc_100023625596.0x0000c3,This is a Bhāvanā manuscript in Sanskrit  written in Pracalit Newārī. It is in a good condition. First folio is missing in this manuscript.,,,34,Nityācāra Mānasī Bhāvanā Śrīmatkuliśvara Bhāvanā Guhya,,,,,,
040-002851363,032-002851328,EAP676/14/35,1600,1999,san,Newa,ark:/81055/vdc_100023625596.0x0000c4,This is the Praṇidhāna manuscript. Its language is Sanskrit  and script is Pracalit Newārī. Its writing is fair and is in very good condition. It has complete folios.,,,35,Bhadracarī Praṇīdhāna Ratnarāja,,,,,,
040-002851364,032-002851328,EAP676/14/36,1600,1999,san,Newa,ark:/81055/vdc_100023625596.0x0000c5,This is a Dhāraṇī manuscript of a Tantric deity called Kālacakra. It is written in Sanskrit  with Pracalit Newārī script. Some folios in this manuscript are missing. Folios are partly damaged too.,,,36,Kālacakra Guhya Hṛdaya Dhāraṇī,,,,T74,T933,
040-002851365,032-002851328,EAP676/14/37,1600,1999,san,Newa,ark:/81055/vdc_100023625596.0x0000c6,This is the Dhāraṇī of Gaṇeśa written in Pracalit Newārī script. It is an old and partly damaged. A simple sketch of Ganeśa is depicted on the first folio of the manuscript.,,,37,Gaṇapatī Hṛdaya Dhāraṇī,,,,T1852,T933,
040-002851366,032-002851328,EAP676/14/38,1600,1999,san,Newa,ark:/81055/vdc_100023625596.0x0000c7,This is the manuscript of Mahādāna Vākyāvalī. It is a Gāthā manuscript. Its text is in Sanskrit  and is written in Pracalit Newārī.,,,38,Mahādāna Vākya,,,,,,
040-002851367,032-002851328,EAP676/14/39,1916,1916,san,Newa,ark:/81055/vdc_100023625596.0x0000c8,"This is the Mañjuśrī Dhāraṇī written in Pracalit Newārī. It was written in the eleventh century of Nepal Samvat. This manuscript is in very good condition, however, its writing is rough and careless. The size of the folio is 19 x 8.5 cm in size.",19,8.5,39,Mañjuśrī Pāṭha Yayegu Dhāraṇī,NS 1036,,,T69,T933,
040-002851332,032-002851328,EAP676/14/4,1600,1999,san,Deva,ark:/81055/vdc_100023625596.0x0000a5,It is the collection of miscellaneous Dhāraṇīs. It is the Mantra recited to pray deities. It is  in Sanskrit  written with Devanāgarī script. It is a Buddhist text. Its folio size is 21.5 x 9 cm.,21.5,9,4,Vividha Dhāraṇīs,,,,,T933,
040-002851368,032-002851328,EAP676/14/40,1600,1999,san,Newa,ark:/81055/vdc_100023625596.0x0000c9,This manuscript is the Stotra of Cvāskāminī. It is composed in Sanskrit  and written in Pracalit Newārī script. Its paper is in good condition. Since the first folio is missing it is incomplete.,,,40,Cvāskāminī Ekaviṃśati Stotra,,,,,T67,
040-002851369,032-002851328,EAP676/14/41,1600,1999,san,Newa,ark:/81055/vdc_100023625596.0x0000ca,"This is the Stotra of Tārā. It is written in Pracalit Newārī script. This Stotra is in Sanskrit. This is in the good condition, however, some folios are partly damaged. Its writing is rough.Some folios of this manuscript are missing.",,,41,Tārā Stotra,,,K438,T619,T67,
040-002851370,032-002851328,EAP676/14/42,1600,1999,san,Newa,ark:/81055/vdc_100023625596.0x0000cb,"It is a Stotra manuscript related to Vajrasattva, the prime deity in Vajrayāna Buddhism. It is in Sanskrit  written with Pracalit Newārī script. Its status is quite good. Some folios are partly damaged. The folio size of this manuscript is 23 x 7 cm.",23,7,42,Vajrasattva Kāyesya Tathāgata Krāta Vyāpta,,,,T452,T67,
040-002851371,032-002851328,EAP676/14/43,1600,1999,san,Newa,ark:/81055/vdc_100023625596.0x0000cc,"This is a manuscript that depicts the Mantra of Vajranairātmā. This mantra is written in Pracalit Newārī script. Its language is Sanskrit . Although certain folios are partly damaged, text in the manuscript folios is intact.",,,43,Vajranairatmā Devī Hṛdaya Mantra,,,,,,
040-002851372,032-002851328,EAP676/14/44,1600,1999,san,Newa,ark:/81055/vdc_100023625596.0x0000cd,"This is a manuscript dealing with Samādhī. It is in Sanskrit  and written in Pracalit Newārī script. It is in good condition, but some folios are partly damaged. The first folio of this manuscript is missing.",,,44,Mahāmegha Samādhi Varṣā Parṇa,,,,,,
040-002851373,032-002851328,EAP676/14/45,1600,1999,san,Newa,ark:/81055/vdc_100023625596.0x0000ce,This is the fragment of Hevajra Tantra. This is in Sanskrit  written with Pracalit Newārī script. Its condition is alright. All the folios except folios number 2 and 3 are missing. Its size is 18 x 6 cm.,18,6,45,Hevajra Fragments@en,,x,K417,,,
040-002851374,032-002851328,EAP676/14/46,1600,1999,san,Newa,ark:/81055/vdc_100023625596.0x0000cf,This is the Dharaṇī of Mahiṣasaṁvara. This one folio fragment is in Sanskrit  language and Pracalit Newārī script. One part of the end folio is in tact and rest are missing. Its size is 22.5 x 7 cm.,22.5,7,46,Mahiṣasamvara Hṛdaya nāma Dhāraṇī,,x,,,T933,
040-002851375,032-002851328,EAP676/14/47,1600,1999,san,Newa,ark:/81055/vdc_100023625596.0x0000d0,This is a Dhāraṇī manuscript dealing with the Mantra of Avalokieśvara Bodhisattva. It has only one folio extant. It is in Sanskrit  written with Pracalit Newārī script. The very first folio has been missing.,,,47,Abhayaṅkari nāma Dhāraṇī,,,,T106,T933,
040-002851376,032-002851328,EAP676/14/48,1600,1999,san,Newa,ark:/81055/vdc_100023625596.0x0000d1,Only one folio of this manuscript is extant but rest are missing. It is written in Pracalt Newārī script. The language of the text is Sanskrit. This text intends praising Buddhist deity Tārā.,,,48,Tārā Stotra,,,K438,T619,T67,
040-002851377,032-002851328,EAP676/14/49,1600,1999,san,Newa,ark:/81055/vdc_100023625596.0x0000d2,This is a folio with just a few words. It looks much older mauscript. Rest of the folios are missing.,,,49,Unknown Fragments@en,,x,,,,
040-002851333,032-002851328,EAP676/14/5,1600,1999,san,Newa,ark:/81055/vdc_100023625596.0x0000a6,It is the text of Dhāraṇī mantra. Its language is Sanskrit  and written in Devanāgarī script. Its size is 24.5 x 8.5 cm.,24.5,8.5,5,Grahamātrikā nāma Dhāraṇī,,,K654-K655?,,T933,
040-002851378,032-002851328,EAP676/14/50,1600,1999,san,Newa,ark:/81055/vdc_100023625596.0x0000d3,It is a Stotra manuscript. It has only one folio.It is written in Pracalit Newārī. It is in fairly good condition. Its size is 22.5 x 8 cm.,22.5,8,50,Mañjuśrī Mahā Bhaya,,,,T69,,
040-002851379,032-002851328,EAP676/14/51,1600,1999,san,Newa,ark:/81055/vdc_100023625596.0x0000d4,The first folio of this manuscript is in tact. It is a tantric text in Sanskrit . It script is pracalit Newārī. Its condition is fragile.,,,51,Caṇḍamahāroṣaṇa,,,K431?,,,
040-002851380,032-002851328,EAP676/14/52,1600,1999,san,Newa,ark:/81055/vdc_100023625596.0x0000d5,his is the Hāratī Devī mantra. It is in Sanskrit  written with Pracalit Newārī. Existing folios are partly damaged. It was copied in the eleventh century. Nepāl Samvat.,,,52,Hāratī Devī Mūlamantra,,,,,,
040-002851381,032-002851328,EAP676/14/53,1600,1999,san,Newa,ark:/81055/vdc_100023625596.0x0000d6,This is a Stotra manuscript in Sanskrit. Some folios are missing in this manuscript. Its language is Sanskrit. Its condition is good. Size of the folios is 19.5 x 7.5.,19.5,7.5,53,Śanicara yā Pāṭha,,,,,,
040-002851334,032-002851328,EAP676/14/6,1600,1999,new,Newa,ark:/81055/vdc_100023625596.0x0000a7,It is the text of traditional medical practice synchronised with religion. Its language is Newārī. It was written in 10th century of Nepal samvat. Folios are partly damaged. It has very nice paintings of various subject related deities. Altogether twenty two miniatures of deities are depicted in this manuscript. Paintings reflect early form of manuscript paintings. It has altogether twenty two images painted so far. It a folded book type manuscript. Folio size is 19 x 9 cm.,19,9,6,Auṣadhi Śāstra,NS 901,,,,,
040-002851335,032-002851328,EAP676/14/7,1600,1999,san,Newa,ark:/81055/vdc_100023625596.0x0000a8,This manuscript is a collection of Dhāraṇīs. It also has contents related to Bhāvanā and mantras as well. Its language is Sanskrit  written in 'Pracalit Newārī. It does not mention the date of  writing. It is in a very good condition. Its size 25.5 x 8.5 cm.,22.5,8.5,7,"Vividha Dhāraṇī [Bhavanā, Mantra, Dhāraṇī]",,,,,T933,
040-002851336,032-002851328,EAP676/14/8,1920,1920,san,Newa,ark:/81055/vdc_100023625596.0x0000a9,This is the manuscript of  'Dhvajāgra Keyuri'. Text of this manuscript is in Sanskrit. Script used to write this manuscript isPracalit Newārī. It was written in the eleventh century of Nepal Samvat. Folio edges  are partly damaged.,,,8,Dhvajāgra Keyuri nāma Dhāraṇī,NS 1040,,,,T933,
040-002851337,032-002851328,EAP676/14/9,1922,1922,san,Newa,ark:/81055/vdc_100023625596.0x0000aa,This is  collection of 'Seven Days Dhāraṇī each for a particular day. Its present status is fairly good. To read but over all condition of the manuscript is bad. Edges have been damaged. Its size is 17.5 x 8 cm.,17.5,8,9,Saptavāra Dhāraṇī,NS 1042,,,,T933,
040-002851383,032-002851382,EAP676/15/1,1600,1999,san;new,Newa,ark:/81055/vdc_100023625596.0x0000d8,This Sūtra discusses about the compassionate deeds of Avalokiteśvara. This manuscript is written in mixed language - Sanskrit  and Newārī. It is written in Pracalit Newārī  script. It is nicely written and is in very good condition. Its size is 41 x 14.5 cm,41,14.5,1,Guṇakāraṇḍavyūha Mahāyāna Sūtra Ratnarāja,,,K114? K116?,T106,,
040-002851385,032-002851384,EAP676/16/1,1600,1999,san,Newa,ark:/81055/vdc_100023625596.0x0000da,This is one of the nine Mahāyāna vaipulya Sūtras of eminence in Newār Buddhism. The theme of the Sūtra is the compassion of bodhisattva Avalokiteśvara. This Sanskrit  Sūtra is in very good condition. Its script is Pracalit Newārī. It also has two miniatures of the Bodhisattva. its folio size is 29 x 8 cm.,29,8,1,Ārya Kāraṇḍavyūha Mahāyāna Sūtra Ratnarāja,,,K114? K116?,T106,,
040-002851394,032-002851384,EAP676/16/10,1600,1999,san,Newa,ark:/81055/vdc_100023625596.0x0000e3,Thuis is a Mahāyāna Sūtra text in Sanskrit. It is written in 'Pracalit Newārī'. It has complete folios but is is the abridged version of the Sūtra. Its condition is good.,,,10,Suvarṇaprabhāsottama Sūtrendrarāja Vyāghri Parivarta,,,,,,
040-002851395,032-002851384,EAP676/16/11,1600,1999,san,Newa,ark:/81055/vdc_100023625596.0x0000e4,This Sukhāvatī gamana (Departure to Sukhāvatī) is a nicely written text. Its script is 'Devanāgarī and language is Sanskrit . It has complete folios.,,,11,Sapta Kumārikā Janma Bhuttva Shukhāvatī Gamana Prakaraṇa,,,,,,
040-002851396,032-002851384,EAP676/16/12,1600,1999,san,Deva,ark:/81055/vdc_100023625596.0x0000e5,It is an Avadāna story manuscript entitled Vimalāvadāna which is also called Vicitra ratnāvadāna. It is written in Devanāgarī. Its language is Sanskrit. It has fine writing. Its folios are of 30 x 10 cm in size.,30,10,12,Vimalāvadāna [Vicitra Ratnāvadāna],,,,,T1779,
040-002851397,032-002851384,EAP676/16/13,1600,1999,san,Deva,ark:/81055/vdc_100023625596.0x0000e6,This manuscript is in Sanskrit  written in Devanāgarī script. It is a Sūtra text it is in a very good condition. Its size is 30 x 10 cm.,30,10,13,Devaputroddvāra Prakaraṇaṃ,,,,,,
040-002851398,032-002851384,EAP676/16/14,1600,1999,san;new,Newa,ark:/81055/vdc_100023625596.0x0000e7,This is a collection of tantric Caryā songs sang during ''Dikṣā cosecration. It is in Sanskrit  and newāri languages. It has altogether fourteen caryā songs collected in this manuscript.It is written in pracalit Newāri script. It is a folded book of 20 x 9.5 cm in size.,20,9.5,14,Dikṣā Cacā,,,,,,
040-002851399,032-002851384,EAP676/16/15,1600,1999,san,Newa,ark:/81055/vdc_100023625596.0x0000e8,This ais a manuscript of folded book type. Its subject is fire ritual. Its language is Sanskrit  and script is Pracalit Newārī. Part of the folios are reworked with celluloid tapes. This manuscript has been frequently used to perform ritual. Its look is older.,,,15,Homa Kriyā,,,,,,
040-002851400,032-002851384,EAP676/16/16,1600,1999,san,Newa,ark:/81055/vdc_100023625596.0x0000e9,This manuscript is about the twelve holy Buddhist pilgrimages of Kathmandu valley. This is a ritual text that discusses about the procedures of 'Nāga Pujā' and implemets required to perform Pujās in the holy sites. This is a folded book manuscript. Its size is 23.5 x 9.5 cm.,23.5,9.5,16,Dvādaśa Tirtha ya Sardāṃ (Nāga Pujā Vidhi),,,,,,
040-002851401,032-002851384,EAP676/16/17,1600,1999,san;new,Newa,ark:/81055/vdc_100023625596.0x0000ea,This is the book of Caryā songs. Songs collected in the text are tantric songs. It is in Sanskrit  and Newārī languages. It is written in Pracalit Newārī script. Text of this manuscript is intact but some folios are partly damaged. It has fourteen songs collected so far.It is a folded book of 25 x 11 in size.,25,11,17,Cacā Saphū,,,,,,
040-002851402,032-002851384,EAP676/16/18,1894,1894,san,Newa,ark:/81055/vdc_100023625596.0x0000eb,Aṣṭamī Vrata is performed in the name of Vasundharā. This manuscript decribes rules of the Vrata. It is in Sanskrit . The script of this text is Pracalit Newārī. It is the bound book type manuscript. Parts of the folios of this manuscripts are damaged.It was written in the 12th century of Nepal Samvat.,,,18,"Vasundharā Vrata Vidhāna, Aṣṭamī Vrata Kathā",NS 1014,,,,,
040-002851403,032-002851384,EAP676/16/19,1600,1999,san,Newa,ark:/81055/vdc_100023625596.0x0000ec,This is the manuscript of 'Fivefold worship of mahāyāna Buddhism. It is a 'Pujā Vidhi' text. It is a Sanskrit  text written in 'Pracalit Newārī'. It was copied by somebody indravajra Vajrācārya. It is a folded book manuscript of 20 x 9 cm in size.,20,9,19,Pañcopacāra Pujā,,,,,,
040-002851386,032-002851384,EAP676/16/2,1906,1906,san,Newa,ark:/81055/vdc_100023625596.0x0000db,This is a Dhāraṇī Sūtra of Mahāpratyaṅgīrā. It is popularly called the Pratyaṅgīrā Mahāvidyārajñī or Mahāvidyārajñī Dhāraṇī. This Sanskrit  manuscript is nicely composed and written. It was copied in Kwā Bahāl (Hiraṇya Varṇa Mahāvihāra) by somebody Ratna jyoti in the eleventh century of the Nepāl samvat. It is written in Pracalit Newārī script. Its size if 32 x 10.,32,10,2,Paramārthanāma Vinirgata Mahāpratyaṅgīrā Mahāvidyārājñī,NS  1026,,,T1KG89007,,
040-002851404,032-002851384,EAP676/16/20,1600,1999,san,Newa,ark:/81055/vdc_100023625596.0x0000ed,This is an anniversary ritual texts for deceased. Thus it is a ritual text in Sanskrit. It is written in Pracalit Newārī script. It is a folded book. Parts of the folios are slightly damaged. Its size is 18.5 x 8 cm.,18.5,8,20,Srāddha Vidhi,,,,,,
040-002851405,032-002851384,EAP676/16/21,1890,1890,san;new,Newa,ark:/81055/vdc_100023625596.0x0000ee,This manuscript has three different texts of eulogy and Pujā procedure. It was copied by somebody Svayambhū Vajra Vajrācārya. It is in Sanskrit  and Newārī languages. Its script is 'Pracalit Newārī'. It was written in the eleventh century Nepal Samvat. Its size is 21 x 8.5 cm.,21,8.5,21,"Māyā Cakra Stotra, Vajravārāhī Stotra, Cakra Pujā",NS 1010,,,,T67,
040-002851406,032-002851384,EAP676/16/22,1845,1845,san;new,Newa,ark:/81055/vdc_100023625596.0x0000ef,This is the text of fire ritual performed for the whole night. It is written in Sanskrit  and Newarī languages. Its script is 'Pracalit Newārī'. It is a folded book writtenin the tenth century of Nepal Samvat.Its folio size is 21 x 8.5,21,8.5,22,Ahorātra Yajña Vidhi,NS 965,,,,,
040-002851407,032-002851384,EAP676/16/23,1890,1890,san;new,Newa,ark:/81055/vdc_100023625596.0x0000f0,This manuscript is about the ritual procedures of the nine planets.it is in mixed language - Sanskrit  and Newārī. It was written in the eleventh century of Nepal era.Folios are partly damaged. It is a folded book of 20 x 7.5 in size.,20,7.5,23,Navagraha Pujā,NS 1010,,,,,
040-002851408,032-002851384,EAP676/16/24,1812,1812,san,Newa,ark:/81055/vdc_100023625596.0x0000f1,"This text is mainly about tantric consecration. However,one brief Stotra has been added at the end of this folded book. It was written by Guṇānanda, most probably the predecessor of 19th century great newār Buddhist scholar Amṛtānanda Bandya. The writing is good but folios are partly damaged. It was written in the tenth century of Nepal era.",,,24,"Guhyābhiśseka Vidhi, Daśa Krodha Stotra",NS 932,,,,T67,
040-002851409,032-002851384,EAP676/16/25,1600,1999,san;new,Newa,ark:/81055/vdc_100023625596.0x0000f2,This is a ritual text written in Sanskrit  and Newārī languages. Its script is ''Pracalit Newārī''. It is a folded book manuscript. Folios are partly damaged. Its folio size is 20.5 x 8 cm.,20.5,8,25,"Yonī Śodhana Vidhi, Ācārya Pujā Vidhi, Deva Pratiṣṭhā Vidhi",,,,,,
040-002851410,032-002851384,EAP676/16/26,1600,1999,nep,Deva,ark:/81055/vdc_100023625596.0x0000f3,This is a sory manuscript written in Nepali language. It is a folded book in Devanāgarī script. Its writing is good but folios are partly damaged.,,,26,Sātra Sen ko Kathā,,,,,,
040-002851411,032-002851384,EAP676/16/27,1915,1915,san,Deva,ark:/81055/vdc_100023625596.0x0000f4,The subject of this is the story of Dharmarāja. It highlights on various pertinent Buddhist practices and themes. The author of this manuscript is Vikramananda. It is written in Sanskrit  and devanāgarī. It is in a good condition. Its size is 24.5 x 13 cm. It was written in the eleventh century of nepal era.,24.5,13,27,Adbhūta Kūla Dīpa Dharmarāja Kathā,NS 1035,,,,,
040-002851412,032-002851384,EAP676/16/28,1600,1999,san;new,Newa,ark:/81055/vdc_100023625596.0x0000f5,It is a text that deals with the procedure of house purification after certain unauspicious occassions. It uses both Sanskrit  and Newārī languages. It is written in Pracalit Newārī script. Its size is 19 x 8 cm.  Folios are partly damaged.,19,8,28,Gṛha Suddhī,,,,,,
040-002851413,032-002851384,EAP676/16/29,1600,1999,new,Newa,ark:/81055/vdc_100023625596.0x0000f6,It is a book of Tantric initiation. Its language is Newārī. It is written in thin Nepali paper. It is a bound book type manuscript. Six Maṇḍala sketches are drawn in the manuscript. Its script is Pracalit Newārī. Each folio is of 24 x 15 cm in size.,24,15,29,Dikṣā ya Saphū,,,,,,
040-002851387,032-002851384,EAP676/16/3,1600,1999,san,Newa,ark:/81055/vdc_100023625596.0x0000dc,This is a popular protective Sūtra of Five protective deities. This is the Sūtra text written in Sanskrit  in Pracalit Newārī script. Its writing is very fine and is in good conditionŏlio size is 31 x 7.,31,7,3,Pañcarakṣā Sūtra,,,T1946,,T933,1
040-002851414,032-002851384,EAP676/16/30,1600,1999,new,Newa,ark:/81055/vdc_100023625596.0x0000f7,This manuscript discusses about miscellanous rituals. It is in Newārī language. This is a bound book type manuscript wrtten on machine made paper. It is partly damaged. The folio size is 25 x 17 cm.,25,17,30,Vividha Pujā Vidhi,,,,,,
040-002851415,032-002851384,EAP676/16/31,1836,1836,san,Newa,ark:/81055/vdc_100023625596.0x0000f8,Its title is unknown but it is a musical text. Various Buddhist religious songs and Bhajans are collected in it. It is in Sanskrit  and classical Newārī languages. It is written in Pracalit Newārī script. The folio size is 24 x 10.5 cm. It was written in the tenth century of Nepal era.,24,10.5,31,Unknown Ritual/Musical Text@en,NS 960,,,,,
040-002851388,032-002851384,EAP676/16/4,1838,1838,san,Newa,ark:/81055/vdc_100023625596.0x0000dd,"Durgatipariśodhana is a Sūtra text recited by the Newār Buddhism as part of death ritual. Its recitation is intended for liberation of the deceased. This Sūtra looks old. Some folios are partly damaged on the edges, however, text is intact. Its language is Sanskrit  and script used so far is Pracalit Newārī. This Sūtra was copied in Kwā bahāl by Purṇā Nanda in the tenth century Nepal Samvat. Its writing is very fine. This Sūtra is painted with a very nice image of Śākyamūnī on the first folio. Folio size is 30 x 9 cm.",30,9,4,Durgātipariśodhana Abhisamaya Sadhanaṃ,NS 958,,K591?,,,
040-002851389,032-002851384,EAP676/16/5,1600,1999,san,Newa,ark:/81055/vdc_100023625596.0x0000de,This Sūtra discusses about the compassionate deeds of Avalokiteśvara. This manuscript is written inSanskrit  with Pracalit Newārī script. It is nicely written and is in very good condition. It has fine writing. Its size is 36 x 10 cm,36,10,5,Guṇakāraṇḍavyūha Sūtrarāja,,,K114?,T106,,
040-002851390,032-002851384,EAP676/16/6,1600,1999,san,Newa,ark:/81055/vdc_100023625596.0x0000df,"Its an Avadāna text. Thus, it is a manuscript dealing with Buddhist story.Its lanaguage is Sanskrit  and script is Pracalit Newārī. Although its writing is very fine notes are added everywhere on the foliosṬhe size of this manuscript is 30 x 10 cm.",30,10,6,Poṣadhāvadānaṃ,,,,,,
040-002851391,032-002851384,EAP676/16/7,1600,1999,san,Newa,ark:/81055/vdc_100023625596.0x0000e0,"It is a ritual text. This is a text used to perform anniversary rituals for deceased. It is in Sanskrit  written in Pracalit Newārī script. Due to frequent use of the text, its folios are repaired with clluloid tapes.Its writing is very fine. It is a folded book. Its size is 22 x 10.",22,10,7,Ṣoḍasa Piṇḍa Vidhāna,,,,,,
040-002851392,032-002851384,EAP676/16/8,1600,1999,san;new,Newa,ark:/81055/vdc_100023625596.0x0000e1,It is a ''Pāpa mocana'' text. It is written in Sanskrit  and Newārī languagesŎne side is smeared with yellow substance. It is in the good condition. It is a folded ''Thyāsaphū''. Its size is 20 x 9.5 cm.,20,9.5,8,Pujā Vidhi,,,,,,
040-002851393,032-002851384,EAP676/16/9,1600,1999,san,Newa,ark:/81055/vdc_100023625596.0x0000e2,This is the text of a buddhist story of Viśvantara. It highlights on significance of generosity and merrit accumulated throughit. This manuscript is written in Sanskrit  using Pracalit Newārī script. Its writing is very fine. This manuscript has complete folios. its size is 30.5 x 10 cm.,30.5,10,9,Viśvantara Varṇana Kathā,,,,,,
040-002851417,032-002851416,EAP676/17/1,1600,1999,san,Newa,ark:/81055/vdc_100023625596.0x0000fa,This is the manuscript of Suvarṇaprabhāsa. Text is in Sanskrit  and written in Pracalit Newārī script. This manuscript is nicely written and is in very good condition.,,,1,Ārya Suvarṇaprabhāsottama Sūtrendrarāja,,,,,,
040-002851418,032-002851416,EAP676/17/2,1600,1999,san,Newa,ark:/81055/vdc_100023625596.0x0000fb,This Sūtra is very rare in Nepal. It is one of the 'Nine Vaipūlya Sūtras' that Newār people venerate to great extent. These Sūtras are recited time and again on various religious rituals and ceremonies. The manuscript here is written in Pracalit Newārī script in Sanskrit . Folios are smeared in yellow colour. It is very perfectly written and very beautiful.,,,2,Tathāgataguhyaka Sūtra,,,,,,
040-002851195,032-002851194,EAP676/2/1,1600,1999,san,Newa,ark:/81055/vdc_100023625596.0x00001c,This a Dhāraṇī mantra text attributed to goddess Pratyangira. Its language is Sanskrit  and script is Pracalit Newārī. It has 24 folios written on modern paper folios. It has 24 folios which are complete. The size of each folio is 18.5 x 6.5 cm.,18.5,6.5,1,Āryasarvatathāgatoṣṇisa Sitātapatrānāmaparājitā Pratyaṅgīrā Mahāvidyārajñī,,,,T1KG89007,,
040-002851204,032-002851194,EAP676/2/10,1600,1999,san,Deva,ark:/81055/vdc_100023625596.0x000025,This is a Hindu text recited and explained for 10 days during mourning of a deceased family member. This is a complete text. It has 87 folios written with Devanagari scripts. Folios are yellow smeared. Size of the folio is 27 x 13 cm. Condition is very good.,27,13,10,Garud Purāṇa Preta Kathā,,,,,,
040-002851205,032-002851194,EAP676/2/11,1600,1999,san,Newa,ark:/81055/vdc_100023625596.0x000026,This is misc Buddhist Mantra manuscript. It is written on very modern machine made paper folios. Folio is this and fragile. On the first folio place for miniature is left blank. It has 4 folios written in Pracalit Newārī script. Folios other than 1 to 4 are missing. The text is readable.,,,11,Mantra [Misc]@en,,,,,,
040-002851206,032-002851194,EAP676/2/12,1600,1999,san,Newa,ark:/81055/vdc_100023625596.0x000027,Outlook of the manuscript is very old. Folios other than 1 are missing. This manuscripts is written in Pracalit Newārī. Its size is 20 x 2.5 cm.,20,2.5,12,Mārici Mantra,,,,,,
040-002851207,032-002851194,EAP676/2/13,1600,1999,san,Newa,ark:/81055/vdc_100023625596.0x000028,This is a ritual text. Only colohon page is available. Its language is Sanskrit and script used to write it is Pracalit Newārī. The folio is yellow smeared. Its size is 20.5 x 6.5 cm.,20.5,6.5,13,Vidhi,,,,,,
040-002851208,032-002851194,EAP676/2/14,1600,1999,san,Deva,ark:/81055/vdc_100023625596.0x000029,"This is the Stotra of Hārati Devi, a goddess associated with wel-being of Children in Nepal.This text was written in 1044 Nepal Samvat (1933 CE). It has 1 folio written on machine made paper. It has Devanagari script. Its size is 20.5 x 6.5 cm.",20.5,6.5,14,Hārati Stotra,,,,,T67,
040-002851209,032-002851194,EAP676/2/15,1600,1999,san,Beng,ark:/81055/vdc_100023625596.0x00002a,This is the Hindu epic of Mahābhārat written in Bāṅglā script. It looks very old but the date is nowhere mentioned in the manuscript. Paper folios are thin and fragile. Some folios are damaged. This Mahābhārata has 131 folios. Still some are missing.,,,15,Mahābhārata,,,,T1KG89007,,
040-002851210,032-002851194,EAP676/2/16,1600,1999,zxx,Zxxx,ark:/81055/vdc_100023625596.0x00002b,"Generally, Nepalese manuscripts have covers. They are either metal or wooden. They are significant because they are painted with miniatures of Buddhist deities. Here are 2 pieces of wooden Mss. covers with excellent paintings. Its size is 22 x 8.5 cm. The fist cover has Lokesvara mantra in Tibetan. Its inner side is decorated with 3 tantric deities painted by a Newar artist. In the second cover, the inner part is decorated with Buddha, Dharma and Sangha. The second is a little damaged in the upper right corner.",22,8.5,16,Wooden covers@en,,,,,T00KG03985,
040-002851211,032-002851194,EAP676/2/17,1600,1999,san,Deva,ark:/81055/vdc_100023625596.0x00002c,Aṣṭamātrikā is the eight mother goddesses who are assigned a very  respected position in the religious behaviour of the Newār people.  This manuscript is the Maṇḍala of the mother goddess used to perform rituals associated with them. The paper size is 11 x 11.5 cm. Script is Devanāgarī written in Sanskrit,11,11.5,17,Aṣṭamātrikā Maṇḍala,,,,,,
040-002851212,032-002851194,EAP676/2/18,1600,1999,san,Deva,ark:/81055/vdc_100023625596.0x00002d,This is a Hindu text related to deity Durga. It is a Yantra drawn on Nepali handmade paper. Its size is 16 x 16 cm,16,16,18,Durgādhāraṇa Yantra,,,,T1KG89007,,
040-002851213,032-002851194,EAP676/2/19,1600,1999,san,Deva,ark:/81055/vdc_100023625596.0x00002e,This is a diagram of Maṇḍala painted on both sides of the paper supplemented by various mantras in Sanskrit. This Maṇḍala is required during ritual worship. It has been a part of Hindu ritual worships. Its size is 17 x 15.,17,15,19,Mantra and Maṇḍala,,,,T1KG89007,,
040-002851196,032-002851194,EAP676/2/2,1600,1999,new,Deva,ark:/81055/vdc_100023625596.0x00001d,"This manuscript has only 1 folio. It is the astronomical text. Folios are thick made up of Nepali paper. It mentions about protection from planets such as Shani and Rahu. Maṇḍala like diagrams of Rahu, Shani and Ketu are drawn that are adviced to to write on birch bark folios to make an amulet for the protection from those planets. This is the 14th folio. All thers folios are lost. Total number of folios of this text is also unknown. Its size is 23 x 10 cm.",23,10,2,Graha Yantra,,,,,,
040-002851214,032-002851194,EAP676/2/20,1600,1999,san,Deva,ark:/81055/vdc_100023625596.0x00002f,This is a Hindu text related to deity Durga. It is a Yantra drawn on Nepali handmade paper. Its size is 22.5 x 33 cm. It has only one folio.,22.5,33,20,Durgādhāraṇa Yantra,,,,T1KG89007,,
040-002851215,032-002851194,EAP676/2/21,1600,1999,san,Deva,ark:/81055/vdc_100023625596.0x000030,It is a Dhāraṇa Maṇḍala or Yantra. Script used in it is Devanāgarī.,,,21,Govinda Dhāraṇa Yantra,,,,,,
040-002851216,032-002851194,EAP676/2/22,1600,1999,san,Deva,ark:/81055/vdc_100023625596.0x000031,This is a manuscript of Pujā vidhi for Maṇḍap. Its size is 22.5 x 19. It is a ritual text. It has one big folio but digitized in six parts. Mantra and other texts written so far are in Devanāgarī in Sanskrit  language.,22.5,19,22,Maṇḍapa Vāstu Pujā Vidhi,,,,,,
040-002851217,032-002851194,EAP676/2/23,1600,1999,san,Deva,ark:/81055/vdc_100023625596.0x000032,This manuscript has different types of yantra sketches'. It has two folios of sketches. Mantras are written in Sanskrit . It is very attractive and spectacular. This Yantra is used in Pujā and other rituals.,,,23,"Maṇḍala, Yantra",,,,,,
040-002851218,032-002851194,EAP676/2/24,1600,1999,san,Deva,ark:/81055/vdc_100023625596.0x000033,An unknown yantra or Maṇḍala is drawn on Haritāla smeared yellow hard paperṬhis yantra is dedicated to Kṛṣṇa and Bhāgvat Purāṇa. It is a big folio of 37 x 37 cm in size. What ever writing has been done is in Devanāgarī script in Sanskrit  language.,37,37,24,Deva Maṇḍala,,,,,,
040-002851219,032-002851194,EAP676/2/25,1600,1999,san,Deva,ark:/81055/vdc_100023625596.0x000034,The single folio manuscript is a sketch of Maṇḍapa Vāstu Cakra. Writing is done in Sanskrit . It is a big folio of 37 x 36 cm in size.,37,36,25,Maṇḍapa Vāstu Cakra,,,,,,
040-002851220,032-002851194,EAP676/2/26,1600,1999,san,Deva,ark:/81055/vdc_100023625596.0x000035,"This text deals with protecting religion. It has 2 folios written in Hindi language. Folios 1 and 15 are intact, however other folios are missing. Its size is 26 x 13 cm. Its subject is religion.",26,13,26,Saddharma Samrakṣaṇa,,,,,,
040-002851221,032-002851194,EAP676/2/27,1600,1999,san,Deva,ark:/81055/vdc_100023625596.0x000036,This Mss has 5 folios which are quite old and partly damaged. It is a literary text written in Devanāgarī script. Its language is Sanskrit .Its size is 24 x 9 cm.,24,9,27,Rasagaṅgādhara,,,,,,
040-002851222,032-002851194,EAP676/2/28,1600,1999,san,Deva,ark:/81055/vdc_100023625596.0x000037,This manuscript deals with Sanskrit  grammar. It is a big size manuscript which is 37 x 15 cm. It has 4 folios only and incomplete. Its language is Sanskrit  and script is Devanāgarī.,37,15,28,Laghu Śabdendu Śekhara,,,,,,
040-002851223,032-002851194,EAP676/2/29,1600,1999,san,Deva,ark:/81055/vdc_100023625596.0x000038,It has only one folio written in Sanskrit. It is a Stotra text written on paper in Sanskrit. It is partly damaged. Its size is 19 x 8.5.,19,8.5,29,Kārta Vīrya Kavaca,,,,,,
040-002851197,032-002851194,EAP676/2/3,1916,1916,san,Newa,ark:/81055/vdc_100023625596.0x00001e,It is a Sutra rext written in Sanskrit using Pracalit Newārī script. It has 19 folios. Size of the folios is 18.5 x 6.5. This manuscript was copied by śrī Samayananda in Nepal Samvat 1036 (1925 CE). Folio 1 bears the miniature of Amoghapāśa Bodhisattva drawn in black and white format. This manuscript is written on paper folios and the text is complete.,18.5,6.5,3,Ārya Amoghapāśa nāma Hṛdaya Mahāyāna Sūtraṃ,1036 NS,,K676?,,,
040-002851224,032-002851194,EAP676/2/30,1600,1999,san,Deva,ark:/81055/vdc_100023625596.0x000039,Vyādhikaraṇa Cintāmaṇī has 6 folios written in Devanāgarī script. Its language is Sanskrit. Its size constitutes 32.5 x 7 cm.,32.5,7,30,Vyādhikaraṇa Cintāmaṇī,,,,,,
040-002851225,032-002851194,EAP676/2/31,1600,1999,san,Deva,ark:/81055/vdc_100023625596.0x00003a,This manuscript is fragmentory. It has only 2 folios. It is a literary text. Writing is fine and is in good condition. Its size is 32.5 x 7 cm.,32.5,7,31,Niruktī Śiromaṇī,,x,,,,
040-002851226,032-002851194,EAP676/2/32,1600,1999,san,Deva,ark:/81055/vdc_100023625596.0x00003b,"The title of this manuscript is not known. Although folios are identical, they are mixed fragments. It has 6 folios 32.5 x 7 in size. Its script is Devanāgarī and language is Sanskrit .",32.5,7,32,Unknown title - Mixed Mss@en,,x,,,,
040-002851227,032-002851194,EAP676/2/33,1600,1999,san,Deva,ark:/81055/vdc_100023625596.0x00003c,These folios are unknown. It has only 2 folios of 37.5 x 7 in size. It is a Sanskrit  manuscript written in Devanāgarī script.,,,33,Unknown folios@en,,,,,,
040-002851228,032-002851194,EAP676/2/34,1600,1999,san,Deva,ark:/81055/vdc_100023625596.0x00003d,Folios from different types of manuscripts are collected here.  Its language is Sanskrit. Manuscript written in Devanāg has 15 folios,,,34,Mixed Fragments@en,,x,,,,
040-002851229,032-002851194,EAP676/2/35,1600,1999,san,Deva,ark:/81055/vdc_100023625596.0x00003e,It is a manuscript of Brahmāṇḍa Maṇḍala. It has one folio but is is very big in size. Its actual measured size is 74.5 x 65 cm.,74.5,65,35,Brahmāṇḍa Maṇḍala,,,,,,
040-002851230,032-002851194,EAP676/2/36,1600,1999,san,Deva,ark:/81055/vdc_100023625596.0x00003f,It is a text of procedures of Yoga. Its subject matter is Yoga. It is very fagile manuscript written on modern thin paper. It is a Sanskrit  manuscript in Devanāgari script. Its size depicts 27.5 x 18 cm,27.5,18,36,Ṣasṭī Yoga Vidhi,,,,,,
040-002851198,032-002851194,EAP676/2/4,1904,1904,san,Newa,ark:/81055/vdc_100023625596.0x00001f,"This is a Tārā Stotra text. It has 21 verses that praise Tārā. It is written on modern thin paper, thus seems very fragile. It has 21 folios in Sanskrit. The script is Pracalit Newārī. Its size is 20.5 x 7 cm. This manuscript is complete.",20.5,7,4,Ārya Tārā Bhaṭṭārikāyā NamasttoTārā Satakaṃ,1024 NS,,,T619,,
040-002851199,032-002851194,EAP676/2/5,1600,1999,san,Newa,ark:/81055/vdc_100023625596.0x000020,This Dhāraṇī mantra of prajñāpāramitā has 4 folios written in Bhujimola script. This is the complete text. It is also called the Wisdom Mantra. Each folio is of 18 x 6.5 cm in size.,18,6.5,5,Ārya Pañcaviṁśatikā Prajñāpāramitā Mantra nāma Dhāraṇī,,,,,T933,
040-002851200,032-002851194,EAP676/2/6,1600,1999,san,Newa,ark:/81055/vdc_100023625596.0x000021,This manuscript of Pañcarakṣā Sūtra has 30 folios. Some folios are damaged probably by rats. It looks quite old. Its size is 23 x 6.5 cm. This is an incomplete manuscript.,23,6.5,6,Pañcarakṣā Sūtrāṇī,,,T1946,,T933,1
040-002851201,032-002851194,EAP676/2/7,1652,1846,san;new,Newa,ark:/81055/vdc_100023625596.0x000022,"This is the book of miscellanous rituals written in both Sanskrit  and Newārī languages. It is a folded book. Chandra man joshi and others are its scribes. Three dates nepal Samvat 772 (1661 CE), 794 (1683 CE) and 966 (1855 CE) are noticed in the text. It means that the text was started to write in Nepal Samvat 772 and additions were made in the later dates. Writing looks very old. It has 70 folios. Its script is Pracalit Newārī. Texts are both in Sanskrit  and Newārī languages. It is damaged by insects but still readable. The size of the book is 21.5 x 8 cm.",21.5,8,7,Karmakāṇḍa,"772 NS, 794 NS, 966 NS",,,,,
040-002851202,032-002851194,EAP676/2/8,1600,1999,san;new,Newa,ark:/81055/vdc_100023625596.0x000023,"This is a Hindu tantra text. It intends to protect. It has 45 folios written in Sanskrit  and Newārī languages. Script is Pracalit Newārī. Its size is 18 x 8. Wwriting is very bad. However, there a number of sketches such as auspicious signs, Cakra, Maṇḍala, diagrams, numerical tables, amulets, Aṣṭamatrikā Maṇḍalas, etc.",18,8,8,Śrī Ugracaṇḍeśvarī tantra Mohinīśvara Samvada,,,,T1KG89007,,
040-002851203,032-002851194,EAP676/2/9,1600,1999,san,Deva,ark:/81055/vdc_100023625596.0x000024,This Tantra is a Hindu Śaiva text. It has 46 folios and complete. Its script is Devanāgarī and language is Sanskrit . It was written in Nepal Samvat 963 (1852 CE).The size oof the folio is 30 x 9.,30,9,9,Rudrayāmala Tantra,963 NS,,,T1KG89007,,
040-002851232,032-002851231,EAP676/3/1,1600,1999,san,Newa,ark:/81055/vdc_100023625596.0x000041,"This is a Dhāraṇī text written on the 'Nīla Patra' (literally: the blue paper) paper folios with yellow ink. However, some other texts written on 'Nila Patra' such as the Pañcarakṣā sūtra or prajñāpāramitā sūtra are written with gold or silver ink or both. It is in Sanskrit  and script is Pracalit Newārī. It has 15 folios. The size of the folios is 21.5 x 8 cm. this manuscript is now under the custory of Padmavarṇa mahāyāna mahāvihāra in Lalitpur. this manuscript does not mention the name of the scribe. However, the presiding monk at the Vihāra is of opinion that the former Abbot Manjughosa himslef has written this manuscript. This manuscript along with some other in this collection are not properly arranged. This is an incomplete manuscript folio 2 is missing.",21.5,8,1,Hṛdaya Aparājitānāma Dhāraṇī,,,,,T933,
040-002851241,032-002851231,EAP676/3/10,1600,1999,san,Newa,ark:/81055/vdc_100023625596.0x00004a,Aṣṭamī Vrata is very popular religious ritual among the Newār Buddhists. This manuscript deals with the stories related to the Vrata. It is written in Pracalit Newārī script.Its sizeis : 33 x 11.5 cm . The geginning folio has very nice image of Avalokiteśvara.,33,11.5,10,Upoṣatha Vrata [Aṣṭamī Vrata],,,,,,
040-002851233,032-002851231,EAP676/3/2,1600,1999,san,Newa,ark:/81055/vdc_100023625596.0x000042,This Dhāraṇī manuscript is also written on Nīla Patra folios. It has 3 folios. It has complete text of the Dhāraṇī Mantra. The script is Pracalit Newārī. Its size is 21.5 x 8 cm. This is the Mantra of Āryāvalokiteśvara Bodhisattva (Newārī: Karuṇāmaya). This is a popular Dhāraṇī. Newār devotees recite during visits to the shrines of Karuṇāmaya.,21.5,8,2,Abhayaṅkari nāma Dhāraṇī,,,,T106,T933,
040-002851234,032-002851231,EAP676/3/3,1600,1999,san,Newa,ark:/81055/vdc_100023625596.0x000043,"This manuscript is a Dhāraṇī text. It is written on black smeared paper called 'Nīlapatra' .It is a Buddhist Dharaṇī written in Pracalit Newārī script.It is in a very good condition and a complete text. However, ink used so far is not permanent. Therefore, it needs to handle carefully. Its size is 21.5 x 7.5 cm.",21.5,7.5,3,Ārya Aparitā nāma Dhāraṇī,,,,,T933,
040-002851235,032-002851231,EAP676/3/4,1600,1999,san,Newa,ark:/81055/vdc_100023625596.0x000044,Cakrasaṁvara is a tantric deity in Vajrayāna Buddhism. This is the Sanskrit  mantra of the deity recited while worshipping  to please him. This text is written in Pracalit Newārī.,,,4,Cakrasaṃvara Dhāraṇī,,,,T423,T933,
040-002851236,032-002851231,EAP676/3/5,1943,1943,san,Newa,ark:/81055/vdc_100023625596.0x000045,"Prajñāpāramitā Sūtra is one of the most significant Sūtras. It has different versions base on its length. The longest one contains 100,000 verses in Sanskrit . This text has 8000 vesrses, thus called  'Aṣṭasāhasrikā Prajñāpāramita'. Its subject is 'śūnyatā' or voidness. This manuscript is copied by somebody Yogānanda. This text is written in Pracalit Newārī script. It was copied in NS 1063. The size of the folios is 23 x 10 cm.",23,10,5,Aṣṭasāhasrikā Prajñāpāramitā Sūtra,NS 1063,,,,,
040-002851237,032-002851231,EAP676/3/6,1600,1999,tib,Deva,ark:/81055/vdc_100023625596.0x000046,This is an unique manuscript found in a Vihāra or elsewhere in Nepal. It deals with 'Chu Pujā' of Svayambhū Caitya. It is unique in the sense that its language is Tibetan but script  is Devanāgarī. This is written by Ven. Mañju Śāsana. It describes about the Pujā procedures. Its size is 33 x 9.5 cm.,33,9.5,6,Svayambhū ya Chu Pujā Saphū,,,,,,
040-002851238,032-002851231,EAP676/3/7,1870,1870,san,Newa,ark:/81055/vdc_100023625596.0x000047,It a Sūtra of five proyective deities called 'Pañcarakṣā' It is written in Sanskrit  in Pracalit Newāri scripts. There is the tradition to recitation of this Sūtra among the Newār Buddhist. Still the five deities have lively culture in the Kathmandu valley. The text is venerated and recited on various occassions. This text was written in NS 990.,,,7,Pañcarakṣā Dhāraṇī,NS 990,,T1946,,T933,1
040-002851239,032-002851231,EAP676/3/8,1600,1999,san,Deva,ark:/81055/vdc_100023625596.0x000048,This is an Aṣṭamaṅgala (auspicious mantra) text. It is recited in every aucpicious moments in the Buddhist society. It is in Sanskrit.,,,8,Aṣṭamaṅgalāṣṭaka,,,,,,
040-002851240,032-002851231,EAP676/3/9,1600,1999,san,Newa,ark:/81055/vdc_100023625596.0x000049,Gaṇacakra is the Tantric feast. It is the text that is concerned with the Tantric feast. This is very important aspect of Tantric practices. This text discuses all about the tantric text. It is the Gāthā text.It is complete and nicely writtenin Pracalit Newārī script. The size of the folios is 16.5 x 11.5.,16.5,11.5,9,Gaṇacakra,,,,,,
040-002851243,032-002851242,EAP676/4/1,1600,1999,san,Newa,ark:/81055/vdc_100023625596.0x00004c,Hayagriva is a wrathful deity in Vajrayana Buddhism. This manuscript is the Dhāraṇī mantra of Hayagriva. Golden letters are written on black paper. But it is called Nīlaptra (literally -Blue paper). It has two beautiful miniatures of Buddha and Hayagriva. The text is incomplete. This manuscript is written in Pracalit Newārī. The size of the folios is 8.5 x 7 cm,8.5,7,1,Hayagriva Dhāraṇī,,,,,T933,
040-002851244,032-002851242,EAP676/4/2,1821,1821,san,Newa,ark:/81055/vdc_100023625596.0x00004d,It is folded book called 'Thyasaphu' (literally - the true book) in vernacular Newārī. It is a life cycle manual of the Buddhist Newārs.copied by a Vajrācārya from Hiraṇyavarṇa Mahāvihāra. It is a Sanskrit  manual written in Pracali Newārī script. This book is incomplete and partly damaged. The size of the folios is 20 x 7.5 cm,20,7.5,2,Daśa Kriyā Vidhi,NS 941,,,,,
040-002851245,032-002851242,EAP676/4/3,1600,1999,san,Newa,ark:/81055/vdc_100023625596.0x00004e,"This manuscript is used both by Hindus and the Buddhists. It contains rituals, Stotra, mantras and Sādhanās. It is a Sanskrit  text written in Pracalit Newāri script.It is in a good condition however, some folios are missing. Its size is 20.5 x 7.5 cm.",20.5,7.5,3,Devī Sāhasra nāma Kavaca Stotramālā,,,,,T67,
040-002851246,032-002851242,EAP676/4/4,1600,1999,san,Newa,ark:/81055/vdc_100023625596.0x00004f,This text is about polity called the Cāṇakya Nīti' (The strategies or policies of Chaṇakya). The main text is in Sanskrit  and interpretations are written in Nepālī language.It has fine writing. But the physical condition of the manuscript is not satisfactory. Some folios of this manuscript are missing. The size of folios is 20.5 x 8 cm.,20.5,8,4,Buddī Cāṇakya [Chanake],,,,,,
040-002851247,032-002851242,EAP676/4/5,1600,1999,san,Newa,ark:/81055/vdc_100023625596.0x000050,"This birch bark manuscript comes from early medieval period in Nepal that is around 10th century written in old Newārī. Its title is not known. Being very old, folios are fragile. Folio size id 24 x 5 cm. Originally both sides were written with text. However, in modern times, one side of each folio has been replaced with miniature with old looks. Anyway, this is still an important manuscript.",24,5,5,Painted Fragments of Tādpatra@en,,x,,,,
040-002851248,032-002851242,EAP676/4/6,1600,1999,zxx,Zxxx,ark:/81055/vdc_100023625596.0x000051,"These birch bark folios contain miniature paintings of five Transcendental Buddhas, Tāra and other Tantric deities. It represents typical and fine Newār art of Kathmandu valley. Newār art itself has greater influence of  Pāla art of Beṅgāl. The size of the folio is 31 x 5.5 cm.",31,5.5,6,Paintings of Five Buddhas and Tantric Deities@en,,,,,T00KG03985,
040-002851249,032-002851242,EAP676/4/7,1600,1999,zxx,Zxxx,ark:/81055/vdc_100023625596.0x000052,"The three folios of birch bark contain paintings of various Buddhist deities on one side of each folio. Although folios are partly damaged, paintings are exceptionally beautiful. This is typical Newār art. It looks old. The folio are from the medieval period, however, paintings are recently done which were paintited in a way to give old look. It has altogether nine very beautiful paintings. The size of each folio is 26.5 x 4.5 cm.",26.5,4.5,7,Paintings of Tantric Deities etc@en,,,,,T00KG03985,
040-002851251,032-002851250,EAP676/5/1,1600,1999,new,Newa,ark:/81055/vdc_100023625596.0x000054,This manuscript deals with polity. This has been a very popular text in the Indian sub-continent. It is written in the Newārī language. The script used is Pracalit Newārī. It is in a good condition. Some of the folios have been missing. Folio size is 20 x 8 cm.,20,8,1,Cāṇakyasāra Saṃgraha,,,,,,
040-002851252,032-002851250,EAP676/5/2,1600,1999,san,Newa,ark:/81055/vdc_100023625596.0x000055,It is a Pujā Vidhi (worship procedure) manual. But it is incomplete and partly damaged. This text is in Sanskrit  written with the Pracalit Newārī  script. The size is 20.5 x 8 cm,20.5,8,2,Tārā Pujā,,,,T619,,
040-002851253,032-002851250,EAP676/5/3,1600,1999,san,Deva,ark:/81055/vdc_100023625596.0x000056,This manuscript is the hymn of Goddess Tārā. Other folios are missing. This Stotra is recited in front of the goddess to appease her. This is one of the important and lively text for the Newārs of Kathmandu valley.,,,3,Tārā Stotra,,,K438,T619,T67,
040-002851254,032-002851250,EAP676/5/4,1600,1999,san,Newa,ark:/81055/vdc_100023625596.0x000057,This Stotra of Tāra also is fragmented. But very important to pray the goddess.,,,4,Tārā Stotra,,x,K438,T619,T67,
040-002851255,032-002851250,EAP676/5/5,1600,1999,san,Newa,ark:/81055/vdc_100023625596.0x000058,It is an Aparimitāyu Sūtra manuscript. But most part of the text is missing. Here are only two folios in this collection written in Pracalit Newāri script.,,,5,Aparimitā,,x,K668,,,
040-002851256,032-002851250,EAP676/5/6,1905,1905,san,Newa,ark:/81055/vdc_100023625596.0x000059,Nāmasaṁgīti is the text  to Mañjuśrī. It is a popular text in the Newār Buddhist society. This text is frequently recited. In the Newār  Buddhist society. His manuscript was copied in Mayūr Varṇa Mahāvihāra. This manuscript is complete.,,,6,Nāmasaṅgītī,NS 1025,,K360,,,
040-002851257,032-002851250,EAP676/5/7,1677,1677,san,Newa,ark:/81055/vdc_100023625596.0x00005a,Āryāvalokiteśvara is the Bodhisattva of compassion. He has prominent place in the lives of Newār Buddhists in the Kathmandu valley. Āryāvalokiteśvara Stotras are also recited on regular basis. There are several such stotras. This manuscript also contains several stotras composed by various composers of eminence. The stotras of Carapatipāda and Banaratna are considered very important by the devotees. Both the Stotras are contained in this manuscripts. This a Thyāsaphū style text. But some of the folios are missing in it. Its size id 24 x 9 cm.,24.9,,7,Śrīmad Āryāvalokiteśvara Vividha Stotraṃ,NS 797,,,T106,T67,
040-002851259,032-002851258,EAP676/6/1,1914,1914,san;new,Deva,ark:/81055/vdc_100023625596.0x00005c,Āryavalokiteśvara Stotra composed by Carapatipāda is very popular stotra of 'Karuṇāmaya'. Main text is in Sanskrit  followed by Newārī explanation. This stotra is written in Devanāgarī. Its size is 16 x 10 cm.,16,10,1,Āryāvalokiteśvarasya Carapati Stotra,NS 1034,,K1121?,T106,T67,3
040-002851260,032-002851258,EAP676/6/2,1600,1999,san,Ranj,ark:/81055/vdc_100023625596.0x00005d,Some mantras of Buddhas and Avalokiteśvara are writen in Rañjanā script. These are very important mantras. These are recited for religious purposes. Folio size is 16 x 10.,16,10,2,Mantra Saṃgraha,,,,,,
040-002851262,032-002851261,EAP676/7/1,1841,1841,san,Newa,ark:/81055/vdc_100023625596.0x00005f,"This is the Sūtra of fivefold protection. The five protective deities occupy important place in the religious lives of Newār Buddhists. It is the combination of five individual Sūtras attributed to each protective deity. These Sūtras discuss power and deeds of the deitiesṬhis manuscript is in very good condition.It is in Sanskrit  written in Pracalit Newārī script. As other similar manuscripts, it also has images of five protectress painted nicely on the beginning page of the each Sūtra. Each folio is of 34.5 x 9 cm in size.",34.5,5,1,Pañcarakṣā Sūtra,NS 961,,T1946,,T933,1
040-002851271,032-002851261,EAP676/7/10,1600,1999,san,Newa,ark:/81055/vdc_100023625596.0x000068,This is text describing twelve holy pilgrimages in the Kathmandu valley. There are 12 such holy plces where pujā rituals are performed and Buddhist texts are recited.This text discuses about worship procedures in those pilgrimages. It is a Sanskrit text written in Pracalit Newārī.,,,10,Dvādaśa Tīrtha Pujā Vidhi,,,,,,
040-002851272,032-002851261,EAP676/7/11,1947,1947,new,Deva,ark:/81055/vdc_100023625596.0x000069,This is a Sūtra text translated into Newārī and written in Devanāgarī. This Newāri version is in story type. Writing is very beautiful but the book itself is partly damaged. The paper quality is very low.,,,11,Guṇakāraṇḍavyūha Newārī Kathā,NS 1067,,,,,
040-002851273,032-002851261,EAP676/7/12,1947,1947,san,Deva,ark:/81055/vdc_100023625596.0x00006a,Nāmasaṁgīti is a Tantric text. It is written in Sanskrit. It is comple in six folios. Writing is excellent. Its size is 32 x 20 cm.,32,20,12,Nāmasaṅgīti,NS 1067,,K360,,,
040-002851274,032-002851261,EAP676/7/13,1947,1947,san,Deva,ark:/81055/vdc_100023625596.0x00006b,Several Stotras are collected in this text.Writing is good but paper quality is low.,,,13,"Śākyamūnī Stotra, Svayambhū Stotra, Ādibuddha Dvādaśa Stotra, Ārya Aparimitā nāma Dhāraṇī",NS 1067,,,,"T933,T67",
040-002851275,032-002851261,EAP676/7/14,1600,1999,new,Deva,ark:/81055/vdc_100023625596.0x00006c,It has two Stotras. These too are important. It is written in Newarī. Folios are partly damaged.,,,14,"Ṣaṭapāramitā Stotra, Kīrtikānta Stotra",,,,,T67,
040-002851276,032-002851261,EAP676/7/15,1948,1948,new,Deva,ark:/81055/vdc_100023625596.0x00006d,It is a Sūtra manuscript. The original Sūtra is in Sanskrit. This text is Newāri translation of the original Sūtra. This text was written by a Lhāsa Newār.,,,15,Lalitavistara Newārī Kathā,1068 NS,,K95?,,,
040-002851277,032-002851261,EAP676/7/16,1600,1999,san,Newa,ark:/81055/vdc_100023625596.0x00006e,It is a text of unknown Tantra.in fragments. It is in Sanskrit written with Pracalit Newārī script.,,,16,Tantra [Unknown]@en,,x,,,,
040-002851278,032-002851261,EAP676/7/17,1600,1999,san,Newa,ark:/81055/vdc_100023625596.0x00006f,There are ways to pacify bad planets. This manuscript describes how to pacify them and protect one from its bad sight. It is the Sanskrit  text written in Pracalit Newārī. It is just one folio and others are missing.,,,17,Graha Śānti,,,,,,
040-002851279,032-002851261,EAP676/7/18,1600,1999,san,Newa,ark:/81055/vdc_100023625596.0x000070,Pratyaṅgīrā is a Mahāvidyārajñī Dhāraṇī text. This is one of the popular Dhāraṇī among the Newār people in Nepal. This manuscript is fragmented. All other folios are missing except the first one.It looks very old. It is written in Pracalit Newārī script. Its size is 21.5 x 7 cm.,21.5,7,18,Pratyaṅgīrā,,x,,T1KG89007,,
040-002851280,032-002851261,EAP676/7/19,1600,1999,san,Newa,ark:/81055/vdc_100023625596.0x000071,It is a fragment of unknown manuscripts. It has one and a half folio. Texts remained in it has been faded out. The folio size is 17 x 7 cm.,17,7,19,Unknown Fragment@en,,x,,,,
040-002851263,032-002851261,EAP676/7/2,1922,1922,new,Newa,ark:/81055/vdc_100023625596.0x000060,It is a ritual text dealing with anniversary ritual of deceased family members. This manuscript is a folded book written in Pracalit Newārī script. It is a Newārī text.,,,2,Piṇḍa Kriyā,NS 1042,,,,,
040-002851281,032-002851261,EAP676/7/20,1600,1999,san,Deva,ark:/81055/vdc_100023625596.0x000072,This text is written on thin Nepali paper. Its subject is about the 'Tripple Gems in Buddhism. Its language is Sanskrit  and script used so far is Devanāgarī. This text is in a very good condition.,,,20,Tri Śaraṇa Vyākhyā,,,,,,
040-002851264,032-002851261,EAP676/7/3,1600,1999,san,Newa,ark:/81055/vdc_100023625596.0x000061,It is a Buddhist ritual book. Newar Buddhism has adapted various ritual after it abandoned celibate monastic practice by the end of 13th century. Various rituals and pujā were added in religious practice. This is a Sanskrit  manuscript in Pracalit Newārī script. It is readable but is partly faded.,,,3,Ritual Book@en,,,,,,
040-002851265,032-002851261,EAP676/7/4,1939,1939,san,Newa,ark:/81055/vdc_100023625596.0x000062,This manuscript is a text used one of the ten Buddhist life-cycle rituals. This text is used during purifying birth pollution and naming of babies. It is a folded book. Its language is Sanskrit  and script is Pracalit Newārī. Folio size is 17 x 10 cm.,17,10,4,Jāta Karma,1059 NS,,,,,
040-002851266,032-002851261,EAP676/7/5,1600,1999,san,Newa,ark:/81055/vdc_100023625596.0x000063,"This is  the text of a tantric ritual. Newār Buddhist consider tantra as an esoteric practice. However, Tantra lineages do not exist there. Once highly developed scholarrship degraded and Buddhism underwent ritual transformation. Consequently, practice of Tantra remained ambiguous. However, tantric rituals are still performed with the help of these kinds of texts. This tantric ritual text is written in Sanskrit  and Pracalit Newārī.",,,5,Tantric Vidhi,,,,,,
040-002851267,032-002851261,EAP676/7/6,1600,1999,san;new,Newa,ark:/81055/vdc_100023625596.0x000064,This is hymn of the Bodhisattva of Compassion. He is one of the prominent Buddhist deity in Nepal to whom Hindus also venerate by different name. This manuscript praises the deeds of the Bodhisattva. This text is copied by Indra Singh in Sanskrit and Newārī. The folio size is 16 x 7.,16,7,6,Lokeśvara Stotra,,,K1121?,T106,T67,3
040-002851268,032-002851261,EAP676/7/7,1600,1999,san;new,Newa,ark:/81055/vdc_100023625596.0x000065,This text is written in mixed Sanskrit  and Newārī. The script is Pracalit Newārī.. Folios are partly damaged but readable. Its size is 16.5 x 7.5 cm.,16.5,7.5,7,Lokācāra and Vividha,,,,,,
040-002851269,032-002851261,EAP676/7/8,1600,1999,san,Newa,ark:/81055/vdc_100023625596.0x000066,"This manuscript is the prayer of Lokeśvara, the Bodhosattva of Compassion. It  is in Sanskrit  written with Pracalit Newārī script. But writing is very bad. Its size is 16.5 x 7.5 cm.",16.5,7.5,8,Lokeśvara Prārthanā,,,,T106,,
040-002851270,032-002851261,EAP676/7/9,1600,1999,san,Newa,ark:/81055/vdc_100023625596.0x000067,Title of this manuscript is not known. But it is about religious music. Its language is Sanskrit  and scripts is Pracalit Newārī. Writing is bad and difficult reading.,,,9,Title Unknown@en,,,,,,
040-002851283,032-002851282,EAP676/8/1,1600,1999,san,Newa,ark:/81055/vdc_100023625596.0x000074,Caryā Gīti is Tantric song called Cacā in vernacular Newārī. They are sung during Vajrayāna Tantric rituals. This manuscript is the collection Tantric songs. It is the folded book written in mixed language Sanskrit  and Newārī. The script used is Pracalit Newārī. It is in very old condition and partly damagedṬhe size of the folios is 25 x 10.5 cm.,25,10.5,1,Cacā Songs@en,,,,,,
040-002851284,032-002851282,EAP676/8/2,1600,1999,san,Newa,ark:/81055/vdc_100023625596.0x000075,This manuscript contains old Newārī songs. Those are of both religious and non-religious themes describing socio cultural lives of Newār people. Its language is classical Newārī. It is written in Pracalit Newārī script. Physical condition of the book is bad and partly damaged. It is thyasaphu style manuscript. Each folio is 26 x 10 cm in size.,26,10,2,Old Newārī songs@en,,,,,,
040-002851285,032-002851282,EAP676/8/3,1600,1999,san,Newa,ark:/81055/vdc_100023625596.0x000076,This manuscript is vary old and most used. The rhemes it carries is very popular among the Newārs.It is Sanskrit  manuscript written in Pracalit Newārī.,,,3,"Ārya Sarvatahāgatoṣṇīṣa Sitātapatrā Mahāvidyārajñā, Stotras, Pujā Vidhi, Karmavacana",,,,,T67,
040-002851286,032-002851282,EAP676/8/4,1600,1999,san,Newa,ark:/81055/vdc_100023625596.0x000077,This manuscript is the collection of various procedures of worshipping different deities such as Devratha vidhi and so on. It is written in Pracalit Newārī script.,,,4,Deva Ratha and Vividha Bouddha Pujā Vidhi,,,,,,
040-002851287,032-002851282,EAP676/8/5,1600,1999,san,Deva,ark:/81055/vdc_100023625596.0x000078,This is the manuscript of Pratyaṅgīrā Siddhi Mantra and Stotra. This is Hindu Pratyaṅgīrā mantra. It is in good condition but old. It is in Sanskrit  written in Pracalit Newārī. The manuscript is of 18.5 x 8 in size.,18.5,8,5,Pratyaṅgirā Siddhi Mantra and Stotra,,,,T1KG89007,T67,
040-002851288,032-002851282,EAP676/8/6,1600,1999,san;new,Newa,ark:/81055/vdc_100023625596.0x000079,This is a Buddhist manuscript written in vernacular Newārī. But the title is not known. Its writing is somewhat bad. It is in Pracalit script. Folios are partly damaged.,,,6,Unknown Title@en,,,,,,
040-002851289,032-002851282,EAP676/8/7,1843,1843,san,Deva,ark:/81055/vdc_100023625596.0x00007a,This manuscript is the story of Viśvantara. Its theme is Buddhist. Text is in Newārī written in Devanāgarī script. This is in bad condition and eaten by insects however text is readable. It is dated 1900 BS. Its size is 27 x 11 cm.,27,11,7,Viśvantara ya Bakham,1900 BS,,,,,
040-002851291,032-002851290,EAP676/9/1,1838,1838,san,Newa,ark:/81055/vdc_100023625596.0x00007c,This is the Sūtra of five protective deities. Thi s manuscript contains five Sūtra.written in Pracalit Newārī script. It looks old but still is is readable. This Sūtra is in Sanskrit . It was copied by a Vajrācārya of Helavarṇa Mahāvihāra. This manuscript has been frequently used for recitations and performing rituals asscoiated with the five goddesses.,,,1,Pañcarakṣā Sūtra,NS 958,,T1946,,T933,1
040-002851292,032-002851290,EAP676/9/2,1600,1999,san,Newa,ark:/81055/vdc_100023625596.0x00007d,"The manuscript is the fragment of Lokeśvara Stotra. This is very popular and widely recited Stitra [Newāri: Tuta] in the Newār Buddhist community. Thus, this text is very important. Its writing does not look impressive. Folio size is 23 x 8.5 cm.",23,8.5,2,Lokeśvara Stotra,,x,K1121?,T106,T67,3