WA1FEMC060001,អានិសង្សសព្វទាន,ānisaṅs sabb dān,,III.6,FEMC_Scheme_III_6,LangKm
WA1FEMC060002,អានិសង្សសព្វសូត្រ,ānisaṅs sabb sūtr,,III.6,FEMC_Scheme_III_6,LangKm
WA1FEMC060003,អានិសង្សពិតាន,ānisaṅs bitān,,III.6,FEMC_Scheme_III_6,LangKm
WA1FEMC060004,អានិសង្សពោធិ,ānisaṅs bodhi,,III.6,FEMC_Scheme_III_6,LangKm
WA1FEMC060005,អានិសង្សព្រះ,ānisaṅs braḥ,,III.6,FEMC_Scheme_III_6,LangKm
WA1FEMC060006,អានិសង្សព្រះធម្មគោរព,ānisaṅs braḥ dhamm gorab,,III.6,FEMC_Scheme_III_6,LangKm
WA1FEMC060007,អានិសង្សព្រះកម្មដ្ឋាន,ānisaṅs braḥ kammaṭṭhān,All same?,III.6,FEMC_Scheme_III_6,LangKm
WA1FEMC060008,អានិសង្សព្រះ​ត្រៃបិដក,ānisaṅs braḥ trai piṭak,,III.6,FEMC_Scheme_III_6,LangKm
WA1FEMC060009,អានិសង្សព្រះឧបោសថ,ānisaṅs braḥ Uposath,,III.6,FEMC_Scheme_III_6,LangKm
WA1FEMC060010,អានិសង្សព្រះវិហារ,ānisaṅs braḥ vihār,,III.6,FEMC_Scheme_III_6,LangKm
WA1FEMC060011,អានិសង្សចម្លងបុណ្យ,ānisaṅs camlaṅ puṇy,,III.6,FEMC_Scheme_III_6,LangKm
WA1FEMC060012,អានិសង្សឆាកមហាបង្សុកូល,ānisaṅs chāk mahā paṅsukūl,,III.6,FEMC_Scheme_III_6,LangKm
WA1FEMC060013,អានិសង្សច្រម្មខន្ធក៍,ānisaṅs cramm khandhak,,III.6,FEMC_Scheme_III_6,LangKm
WA1FEMC060014,អានិសង្សចូឡេកសាដក,ānisaṅs cūḷek sāṭak,,III.6,FEMC_Scheme_III_6,LangKm
WA1FEMC060015,អានិសង្សទានភ្លើង,ānisaṅs dān bhlöṅ,,III.6,FEMC_Scheme_III_6,LangKm
WA1FEMC060016,អានិសង្សទង់,ānisaṅs daṅ',,III.6,FEMC_Scheme_III_6,LangKm
WA1FEMC060017,អានិសង្សទង់​ [ធម្មត្រៃ],ānisaṅs daṅ' [dhamm trai],Same as dan' or not?,III.6,FEMC_Scheme_III_6,LangKm
WA1FEMC060018,អានិសង្សទាសទាន សហាយទាន សាមីទាន,ānisaṅs dās dān sahāy dān sāmī dān,,III.6,FEMC_Scheme_III_6,LangKm
WA1FEMC060019,អានិសង្សធំ,ānisaṅs dhaṃ,,III.6,FEMC_Scheme_III_6,LangKm
WA1FEMC060020,អានិសង្សទៀនព្រះវស្សា,ānisaṅs dīen braḥ vassā,,III.6,FEMC_Scheme_III_6,LangKm
WA1FEMC060021,អានិសង្សគុណនិងទោស,ānisaṅs guṇ niṅ dos,,III.6,FEMC_Scheme_III_6,LangKm
WA1FEMC060022,អានិសង្សកឋិនទាន,ānisaṅs kaṭhin dān,Variation within?,III.6,FEMC_Scheme_III_6,LangKm
WA1FEMC060023,អានិសង្សខ្មោច,ānisaṅs khmoc,,III.6,FEMC_Scheme_III_6,LangKm
WA1FEMC060024,អានិសង្សខ្សាច់,ānisaṅs khsāc',,III.6,FEMC_Scheme_III_6,LangKm
WA1FEMC060025,អនិសង្សមហាបិណ្ឌ,ānisaṅs mahā piṇḍ,Separate the three from Phum Thmei?,III.6,FEMC_Scheme_III_6,LangKm
WA1FEMC060026,អានិសង្សមហាសង្ក្រាន្ត,ānisaṅs mahā saṅkrānt,,III.6,FEMC_Scheme_III_6,LangKm
WA1FEMC060027,អានិសង្សមហាវេស្សន្តរជាតក,ānisaṅs mahā vessantar jātak,,III.6,FEMC_Scheme_III_6,LangKm
WA1FEMC060028,អានិសង្សនានា,ānisaṅs nānā,,III.6,FEMC_Scheme_III_6,LangKm
WA1FEMC060029,អានិសង្សបញ្ចុះសីមា,ānisaṅs pañcuḥ sīmā,,III.6,FEMC_Scheme_III_6,LangKm
WA1FEMC060030,អានិសង្សបង្គន់,ānisaṅs paṅgan',,III.6,FEMC_Scheme_III_6,LangKm
WA1FEMC060031,អានិសង្សផ្នួស,ānisaṅs phnuos,,III.6,FEMC_Scheme_III_6,LangKm
WA1FEMC060032,អានិសង្សបិណ្ឌ,ānisaṅs piṇḍ,,III.6,FEMC_Scheme_III_6,LangKm
WA1FEMC060033,អានិសង្សបុណ្យបុច្ឆាវិស្សជ្ជនា,ānisaṅs puṇy pucchā vissajjanā,,III.6,FEMC_Scheme_III_6,LangKm
WA1FEMC060034,អានិសង្សសាលា,ānisaṅs sālā,,III.6,FEMC_Scheme_III_6,LangKm
WA1FEMC060035,អានិសង្សសីល,ānisaṅs sīl,Same or different as 5/8?,III.6,FEMC_Scheme_III_6,LangKm
WA1FEMC060036,អានិសង្សសីល៥,ānisaṅs sīl 5,,III.6,FEMC_Scheme_III_6,LangKm
WA1FEMC060037,អានិសង្សសីល៨,ānisaṅs sīl 8,,III.6,FEMC_Scheme_III_6,LangKm
WA1FEMC060038,អានិសង្សដងទង់,ānisaṅs ṭaṅ daṅ',,III.6,FEMC_Scheme_III_6,LangKm
WA1FEMC060039,អានិសង្សវិសុទ្ធិមគ្គ,ānisaṅs visuddhimagg,,III.6,FEMC_Scheme_III_6,LangKm
WA1FEMC060040,អានិសង្សបាយ,ānisarṅs pāy,,III.6,FEMC_Scheme_III_6,LangKm
WA1FEMC060041,អនាគារិក,anāgārik,Merge with ānisaṅs sīl 5?,III.6,FEMC_Scheme_III_6,LangKm
WA1FEMC060042,អានិសង្សឳ្យទានភ្លើង សេ្ដចមហាកប្បិន,ānisaṅs Aoy° dān bhlöṅ stec mahā kappin,,III.6,FEMC_Scheme_III_6,LangKm
WA1FEMC060043,អានិសង្សពុទ្ធបូជា,ānisaṅs buddhapūjā,,III.6,FEMC_Scheme_III_6,LangKm
WA1FEMC060044,អានិសង្ស​ទង់ពិតាន,ānisaṅs daṅ' bitān,Same as bitān?,III.6,FEMC_Scheme_III_6,LangKm
WA1FEMC060045,អានិសង្សគ្រប់ជំពូក,ānisaṅs grap' jaṃbūk,Same or not?,III.6,FEMC_Scheme_III_6,LangKm
WA1FEMC060046,អានិសង្ស​កឋិនខន្ធ,ānisaṅs kaṭhin khandh,,III.6,FEMC_Scheme_III_6,LangKm
WA1FEMC060047,អានិសង្សផ្កា,ānisaṅs phkā,,III.6,FEMC_Scheme_III_6,LangKm
WA1FEMC060048,អានិសង្សប្រេត,ānisaṅs pret,,III.6,FEMC_Scheme_III_6,LangKm
WA1FEMC060049,អានិសង្សរបៀបបុណ្យ,ānisaṅs rapīep puṇy,,III.6,FEMC_Scheme_III_6,LangKm
WA1FEMC060050,អានិសង្សសព្វទានធំ,ānisaṅs sabb dān dhaṃ,Surin only?,III.6,FEMC_Scheme_III_6,LangKm
WA1FEMC060051,អានិសង្សសព្វទានតូច,ānisaṅs sabb dān tūc,Surin only?,III.6,FEMC_Scheme_III_6,LangKm
WA1FEMC060052,អានិសង្សសលាកភត្ត,ānisaṅs salākabhatt,,III.6,FEMC_Scheme_III_6,LangKm
WA1FEMC060053,អានិសង្សសម្រេច,ānisaṅs samrec,,III.6,FEMC_Scheme_III_6,LangKm
WA1FEMC060054,អានិសង្សស្ពាន,ānisaṅs sbān,,III.6,FEMC_Scheme_III_6,LangKm
WA1FEMC060055,អានិសង្សតិរោកុឌ្ឌសូត្រ,ānisaṅs tirokuḍḍasūtr,,III.6,FEMC_Scheme_III_6,LangKm
WA1FEMC060056,សង្ខេបអានិសង្សនានា,saṅkhep ānisaṅs nānā,,III.6,FEMC_Scheme_III_6,LangKm
WA1FEMC040001,អភិធម្ម៧គម្ពីរ,abhidhamm 7 gambīr,,III.4,FEMC_Scheme_III_4,LangKm
WA1FEMC040002,អភិធម្ម៩បរិច្ឆេទ,abhidhamm 9​​ paricched,,III.4,FEMC_Scheme_III_4,LangKm
WA1FEMC040003,អភិធម្មត្រៃត្រិង្ស,abhidhamm traitriṅs,,III.4,FEMC_Scheme_III_4,LangKm
WA1FEMC040004,អភិធម្មមូលព្រះកម្មដ្ឋាន,abhidhamm mūl braḥ kammaṭṭhān,,V.3,FEMC_Scheme_V_3,LangKm
WA1FEMC040005,អភិធម្មបរមត្ថ,abhidhamm paramatth,,III.4,FEMC_Scheme_III_4,LangKm
WA1FEMC040006,អភិធម្មសង្ខេប,abhidhamm saṅkhep,,III.4,FEMC_Scheme_III_4,LangKm
WA1FEMC040007,អភិធម្មវិវិធធម្មសង្គហៈ,abhidhamm vividh dhamm saṅgaha:,,III.4,FEMC_Scheme_III_4,LangKm
WA1FEMC040008,អភិធម្មត្ថាធិប្បាយ,abhidhammatthādhippāy,,III.4,FEMC_Scheme_III_4,LangKm
WA1FEMC040009,មូលព្រះអភិធម្ម,mūl braḥ abhidhamm,??,V.3,FEMC_Scheme_V_3,LangKm
WA1FEMC040010,អភិធម្មត្ថសង្គហអធិប្បាយ,abhidhammatthasaṅgah adhippāy,,III.4,FEMC_Scheme_III_4,LangKm
WA1FEMC040011,ដីកាពាហុំ,ṭīkā bāhuṃ,,Misplaced here,FEMC_Scheme_Misplaced here,LangKm
WA1FEMC040012,អភិធម្មត្រៃតា,abhidhamm trai tā,Relation to trai tā?,III.4,FEMC_Scheme_III_4,LangKm
WA1FEMC110001,ច្បាប់ព្រះធម្ម,cpāp' braḥ dhamm,,I.3,FEMC_Scheme_I_3,LangKm
WA1FEMC110002,ល្បើកទ្វេគុណ,lpök dve guṇ,,I.3,FEMC_Scheme_I_3,LangKm
WA1FEMC110003,ល្បើកកម្មដ្ឋាន,lpök kammaṭṭhān,,I.3,FEMC_Scheme_I_3,LangKm
WA1FEMC110004,ល្បើកមហារាជបាព៌,lpök mahā rāj pāṛb,,I.3,FEMC_Scheme_I_3,LangKm
WA1FEMC110005,សុបិនកុមារ,supin kumār,,I.3,FEMC_Scheme_I_3,LangKm
WA1FEMC110006,ពាក្យកាព្យបុរាណអំពីសីល៥,bāky kāpy purāṇ aṃbī sīl 5,,I.3,FEMC_Scheme_I_3,LangKm
WA1FEMC110007,ល្បើកអដ្ឋង្គិកមគ្គ,lpök aṭṭhaṅgikamagg,,Buddhist poems,FEMC_Scheme_Buddhist poems,LangKm
WA1FEMC110008,ល្បើកពិម្ពាថេរីភិក្ខុនី,lpök bimbā therī bhikkhunī,,Buddhist poems,FEMC_Scheme_Buddhist poems,LangKm
WA1FEMC110009,ល្បើកព្រះអភិធម្ម,lpök braḥ abhidhamm,,Buddhist poems,FEMC_Scheme_Buddhist poems,LangKm
WA1FEMC110010,ល្បើកព្រះអភិធម្ម (កណ្ដាលដូចច្បាប់អភិធម្មកូនគោ),lpök braḥ abhidhamm,,Buddhist poems,FEMC_Scheme_Buddhist poems,LangKm
WA1FEMC110011,ល្បើកព្រះពុទ្ធបាទ,lpök​ braḥ buddh pād,,Buddhist poems,FEMC_Scheme_Buddhist poems,LangKm
WA1FEMC110012,ល្បើកព្រះធម្មអនិច្ចា,lpök braḥ dhamm aniccā,,I.3,FEMC_Scheme_I_3,LangKm
WA1FEMC110013,ល្បើកច្បាប់ចាស់,lpök cpāp' cās',Genre?,I.3,FEMC_Scheme_I_3,LangKm
WA1FEMC110014,ល្បើកធម្មបរមត្ថ,lpök dhamm paramatth,,I.3,FEMC_Scheme_I_3,LangKm
WA1FEMC110015,ល្បើកហៃមហាជន,lpök hai mahā jan,Genre?,I.3,FEMC_Scheme_I_3,LangKm
WA1FEMC110016,ល្បើកជូជក,lpök jūjak,VPT version has Arabic numerals,I.3,FEMC_Scheme_I_3,LangKm
WA1FEMC110017,ល្បើកកាមរាគា,lpök kām rāgā,,I.3,FEMC_Scheme_I_3,LangKm
WA1FEMC110018,ល្បើកកម្មវេរា,lpök kamm verā,,Buddhist poems,FEMC_Scheme_Buddhist poems,LangKm
WA1FEMC110019,ល្បើកកងអវិជ្ជា,lpök kaṅ avijjā,,Buddhist poems,FEMC_Scheme_Buddhist poems,LangKm
WA1FEMC110020,ល្បើកខន្ធនិព្វាន,lpök khandh nibbān,,Buddhist poems,FEMC_Scheme_Buddhist poems,LangKm
WA1FEMC110021,ល្បើកក្បាលក្របី,lpök kpāl krapī,Genre? Did these two get mixed up?,Buddhist poems,FEMC_Scheme_Buddhist poems,LangKm
WA1FEMC110022,ល្បើកលួងលោមកូនប្រុស,lpök luoṅ lom kūn prus,Genre? Did these get mixed up?,Buddhist poems,FEMC_Scheme_Buddhist poems,LangKm
WA1FEMC110023,ល្បើកមគ្គ៤​ ផល៤,lpök magg 4 phal 4,,I.3,FEMC_Scheme_I_3,LangKm
WA1FEMC110024,ល្បើកមហាបដ្ឋាន,lpök mahā paṭṭhān,,I.3,FEMC_Scheme_I_3,LangKm
WA1FEMC110025,ល្បើកមូលកុសលបីអកុសលបីកម្មបថ១០ យ៉ាងសង្ខេប,"lpök mūl kusal pī akusal pī kammapath 10 yā""ṅ saṅkhep",,I.3,FEMC_Scheme_I_3,LangKm
WA1FEMC110026,ល្បើកនមោក្រយា,lpök namo krayā,,I.3,FEMC_Scheme_I_3,LangKm
WA1FEMC110027,ល្បើក​នាងអី,lpök nāṅ ī,,I.3,FEMC_Scheme_I_3,LangKm
WA1FEMC110028,ល្បើកបទុម,lpök padum,,I.3,FEMC_Scheme_I_3,LangKm
WA1FEMC110029,ល្បើកបាបព្រះធម៌,lpök pāp braḥ dhaṛm,,I.3,FEMC_Scheme_I_3,LangKm
WA1FEMC110030,ល្បើកបរិយាយ,lpök pariyāy,,I.3,FEMC_Scheme_I_3,LangKm
WA1FEMC110031,ល្បើកបឋម​ ក កា,lpök paṭham ka kā,Genre; from Thai?,I.3,FEMC_Scheme_I_3,LangKm
WA1FEMC110032,ល្បើកបឋមសម្ពោធិពាក្យឃ្លោង,lpök paṭham sambodhi bāky ghloṅ,,I.3,FEMC_Scheme_I_3,LangKm
WA1FEMC110033,ល្បើកបឋមត្រាស់,lpök paṭham trās',,I.3,FEMC_Scheme_I_3,LangKm
WA1FEMC110034,ល្បើកផ្ចាញ់មារ,lpök phcāñ' mār,Same as leporello version?,I.3,FEMC_Scheme_I_3,LangKm
WA1FEMC110035,ល្បើកប្រឹថពី,lpök prịthabī,Genre repeat?,I.3,FEMC_Scheme_I_3,LangKm
WA1FEMC110036,ល្បើករាជបូរី,lpök rāj pūrī,Genre repeat?,I.3,FEMC_Scheme_I_3,LangKm
WA1FEMC110037,ល្បើករស្មី,lpök rasmī,,I.3,FEMC_Scheme_I_3,LangKm
WA1FEMC110038,ល្បើកសប្បុរស,lpök sappuras,,I.3,FEMC_Scheme_I_3,LangKm
WA1FEMC110039,ល្បើកសរសើរគុណមាតា,lpök sar-sör guṇ mātā,,I.3,FEMC_Scheme_I_3,LangKm
WA1FEMC110040,ល្បើកសត្វមៀម,lpök satv mīem,Genre? II.2?,I.3,FEMC_Scheme_I_3,LangKm
WA1FEMC110041,ល្បើកស្តេចត្មាត,lpök stec tmāt,,I.3,FEMC_Scheme_I_3,LangKm
WA1FEMC110042,ល្បើកសុរព្ភនិទាន,lpök​ surabbh nidān,Condensation of II.1 version?,I.3,FEMC_Scheme_I_3,LangKm
WA1FEMC110043,ល្បើកត្រៃលក្ខណ,lpök trai lakkhaṇ,"Some aniccā rūp öy, some rūpaṁ dukkhaṁ",I.3,FEMC_Scheme_I_3,LangKm
WA1FEMC110044,ល្បើកឪពុកគុណ,lpök Uvbuk guṇ,,I.3,FEMC_Scheme_I_3,LangKm
WA1FEMC110045,សរសើរព្រះបាទឆ្វេងស្តាំនូវព្រះចង្កូមកែវ,sar-sör braḥ pād chveṅ stāṃ nov braḥ caṅkūm kèv,Three separate poems!,I.3,FEMC_Scheme_I_3,LangKm
WA1FEMC110046,ល្បើកមហាជាតក៍,lpök mahā jāta(k),,I.3,FEMC_Scheme_I_3,LangKm
WA1FEMC110047,ល្បើកវេស្សន្តរ,lpök vessantar,Different than previous,I.3,FEMC_Scheme_I_3,LangKm
WA1FEMC110048,ល្បើកមទ្រីបាព៌,lpök madrī pāŕṇ,,I.3,FEMC_Scheme_I_3,LangKm
WA1FEMC110049,កំណាព្យព្រះឥន្ទ,kaṃṇāby braḥ ind,,I.3,FEMC_Scheme_I_3,LangKm
WA1FEMC110050,ព្រះធម្មនិព្វាន,braḥ dhamm nibbān,Same as lpök khandh nibbān?,I.3,FEMC_Scheme_I_3,LangKm
WA1FEMC110051,ក្អែកស,k'èk sa,Relationship to sermon version?,I.3,FEMC_Scheme_I_3,LangKm
WA1FEMC110052,ល្បើកតព្រះសាសនា,lpök ta braḥ sāsanā,,I.3,FEMC_Scheme_I_3,LangKm
WA1FEMC110053,ល្បើកព្រះធម៌,lpök braḥ dhaŕm,Related to others?,I.3,FEMC_Scheme_I_3,LangKm
WA1FEMC110054,ល្បើកព្រះធម៌សង្វេគ,lpök braḥ dhaŕm saṅveg,In jrień script; very cool,I.3,FEMC_Scheme_I_3,LangKm
WA1FEMC110055,ច្បាប់សីល,cpāp' sīl,Relation to RUPP manuscript?,I.3,FEMC_Scheme_I_3,LangKm
WA1FEMC110056,ទំនាយសាសនា,daṁnāy sāsanā,,I.3,FEMC_Scheme_I_3,LangKm
WA1FEMC110057,ចំណោទ,caṁnod,ថ្ងៃសៅរ៍ text,I.3,FEMC_Scheme_I_3,LangKm
WA1FEMC110058,ច្បាប់ចិន្ដាមុនី,cpāp' cintāmunī,Fascinating and like a Thai cintamani in verse! ច្បាប់ទូន្មានឲ្យកុមារខំរៀន,I.3,FEMC_Scheme_I_3,LangKm
WA1FEMC110059,ធម្មសុភាសិត,dhamm subhāsit,"A bit odd, with a cpāp' at beginning",I.3,FEMC_Scheme_I_3,LangKm
WA1FEMC030001,អធិដ្ឋានស្បង់ចីពរសង្ឃាដី,adhiṭṭhān spaṅ' cībar saṅghāṭī,,III.3,FEMC_Scheme_III_3,LangKm
WA1FEMC030002,អាគារវិន័យ,āgār vinăy,ឈឹម ស៊ុម 's book?,III.3,FEMC_Scheme_III_3,LangKm
WA1FEMC030003,អនាគារវិន័យ,anāgār vinăy,"Appears to be made from book published in 1901. A quote from the Trailokavitthāra  says ""แก้ว่า มี ๒ อย่างคือ อาคารวินัย๑ ได้แก่ ศีล๕ ศีล๘ กรรมบถ๑๐ เป็นของคฤหัสถ์ชาวบ้านรักษา อนาคารวินัย๑ ได้แก่ ศีล๑๐ ศีล๒๒๗ ของภิกษุสามเณรรักษา""",III.3,FEMC_Scheme_III_3,LangKm
WA1FEMC030004,អដ្ឋកថាព្រះនិគមឧបោសថ,aṭṭhakathā braḥ nigam Uposad,,III.3,FEMC_Scheme_III_3,LangKm
WA1FEMC030005,ភិក្ខុប្បាដិមោក្ខ,bhikkhuppāṭimokkh,,III.3,FEMC_Scheme_III_3,LangKm
WA1FEMC030006,ភិក្ខុវៀរសាច់ទាំង៩ប្រការ,bhikkhu vīe sāc' dāṃṅ 9 prakār,Part of vien/krang?,III.3,FEMC_Scheme_III_3,LangKm
WA1FEMC030007,ធម្មវិនយានុសាសន,dhamm vinayānusāsan,Part of vien/krang?,III.3,FEMC_Scheme_III_3,LangKm
WA1FEMC030008,ជម្រះអាបត្តិទាំង៧កង,jamraḥ āpatti dāṃṅ 7 kaṅ,Part of vien/krang?,III.3,FEMC_Scheme_III_3,LangKm
WA1FEMC030009,កាលិក៤ប្រការ,kālik 4 prakār,Part of vien/krang?,III.3,FEMC_Scheme_III_3,LangKm
WA1FEMC030010,កិច្ចអ្នកបួស​ (វាន),kicc anak puos,vien,III.3,FEMC_Scheme_III_3,LangKm
WA1FEMC030011,កិច្ចវត្តទាំង១០,kiccavatt dāṃṅ 10,Part of vien/krang?,III.3,FEMC_Scheme_III_3,LangKm
WA1FEMC030012,ក្បួនធុតង្គទាំង១៣,kpuon dhutaṅg dāṃṅ 13,vien?,III.3,FEMC_Scheme_III_3,LangKm
WA1FEMC030013,ក្បួនបញ្ចុះសីមា,kpuon pañcuḥ sīmā,vien?,III.3,FEMC_Scheme_III_3,LangKm
WA1FEMC030014,និស្សគិ្គយទាំង៣០,nissaggiy dāṃṅ 30,,III.3,FEMC_Scheme_III_3,LangKm
WA1FEMC030015,បព្វជ្ជាវិធី ឧបជ្ឈាយគ្គហណវិធី,pabbajjāvidhi upajjhāyaggahaṇavidhī,,III.3,FEMC_Scheme_III_3,LangKm
WA1FEMC030016,បរិវាសកម្ម,parivāsakamm,,III.3,FEMC_Scheme_III_3,LangKm
WA1FEMC030017,បឋមប្រញប្តិ,paṭham prañapti,,III.3,FEMC_Scheme_III_3,LangKm
WA1FEMC030018,បឋមប្រញប្តិសង្ខេបសេចក្តី,paṭham prañapti saṅkhep sec-ktī,,III.3,FEMC_Scheme_III_3,LangKm
WA1FEMC030019,បាដិមោក្ខសំវរសីល,pāṭimokkh saṃvarasīl,,III.3,FEMC_Scheme_III_3,LangKm
WA1FEMC030020,បវារណាចេញព្រះវស្សាទេ្វឧបោសថកម្ម,pavāraṇā ceñ braḥ vassā dve Uposathakamm,,III.3,FEMC_Scheme_III_3,LangKm
WA1FEMC030021,បុព្វសិក្ខាវណ្ណនា,pubb sikkhā vaṇṇanā,,III.3,FEMC_Scheme_III_3,LangKm
WA1FEMC030022,សំវរវិន័យ (ដ-ដោ),saṃvar vinăy,,III.3,FEMC_Scheme_III_3,LangKm
WA1FEMC030023,សិក្ខាបទប្រញប្ដិ,sikkhā pad prañapti,,III.3,FEMC_Scheme_III_3,LangKm
WA1FEMC030024,ត្រណមសីលសាមណេរ,traṇam sīl sāmaṇer,,III.3,FEMC_Scheme_III_3,LangKm
WA1FEMC030025,ឧបសម្បទាកម្ម,Upasampadākamm,,III.3,FEMC_Scheme_III_3,LangKm
WA1FEMC030026,ឧបោសថកម្មកថា,Uposathakamm kathā,,III.3,FEMC_Scheme_III_3,LangKm
WA1FEMC030027,វណ្ណនាបុព្វសិក្ខា,Vaṇṇanā pubbasikkhā,,III.3,FEMC_Scheme_III_3,LangKm
WA1FEMC030028,វិន័យ,vinăy,???,III.3,FEMC_Scheme_III_3,LangKm
WA1FEMC030029,វិន័យ​ -សំដែងពីកាលិកទាំង៤ -ប្រែក្នុងបាលីសំដែងអាបត្តិ,vinăy - saṃṭèṅ bī kālik dāṃṅ 4 - prè knuṅ pālī saṃṭèṅ āpatti,,III.3,FEMC_Scheme_III_3,LangKm
WA1FEMC030030,វិន័យភិក្ខុ,vinăy bhikkhu,,III.3,FEMC_Scheme_III_3,LangKm
WA1FEMC030031,វិន័យទុក្កដ,vinăy dukkaṭ,,III.3,FEMC_Scheme_III_3,LangKm
WA1FEMC030032,វិន័យបព្វជ្ជាខន្ធក,vinăy pabbajjā khandhak,,III.3,FEMC_Scheme_III_3,LangKm
WA1FEMC030033,វិន័យបាលីលះបង់និស្សគ្គិយ,vinăy pālī laḥ paṅ' nissaggiy,,III.3,FEMC_Scheme_III_3,LangKm
WA1FEMC030034,វិន័យបុច្ឆាវិស្សជ្ជនា,vinăy pucchā vissajjanā,,III.3,FEMC_Scheme_III_3,LangKm
WA1FEMC030035,វិន័យសង្ឃាទិសេស (ក-ខៅ),vinăy saṅghādises,,III.3,FEMC_Scheme_III_3,LangKm
WA1FEMC030036,វិន័យសិក្ខាបទវណ្ណនា,vinăy sikkhāpad vaṇṇanā,,III.3,FEMC_Scheme_III_3,LangKm
WA1FEMC030037,វិន័យសុភោគ,vinăy subhog,,III.3,FEMC_Scheme_III_3,LangKm
WA1FEMC030038,វិន័យវណ្ណនា,vinăy vaṇṇanā,,III.3,FEMC_Scheme_III_3,LangKm
WA1FEMC030039,វិនិច្ឆយនិស្សគ្គិយ,vinicchay nissaggiy,,III.3,FEMC_Scheme_III_3,LangKm
WA1FEMC030040,ឳវាទបាដិមោក្ខ,Aovād pāṭimokkh,,III.3,FEMC_Scheme_III_3,LangKm
WA1FEMC030041,ភិក្ខុប្បាដិមោក្ខនិស្សគ្គិយ,bhikkhuppāṭimokkh nissaggiy,Same or different than normal?,III.3,FEMC_Scheme_III_3,LangKm
WA1FEMC030042,ភិក្ខុប្បាដិមោក្ខប្រែ,bhikkhuppāṭimokkh prè,Same or different?,III.3,FEMC_Scheme_III_3,LangKm
WA1FEMC030043,ពុទ្ធឱវាទទានសាសន,buddh Aovād dān sāsana,,III.3,FEMC_Scheme_III_3,LangKm
WA1FEMC030044,កឋិនខន្ធកៈ,kaṭhin khandhaka:,,III.3,FEMC_Scheme_III_3,LangKm
WA1FEMC030045,ខសរុបបិដក,kha sarup piṭak,Pali followed by Khmer. Intersesting.,III.3,FEMC_Scheme_III_3,LangKm
WA1FEMC030046,បព្វជ្ជាខន្ធក,pabbajjā khandhak,Similar to other or no?,III.3,FEMC_Scheme_III_3,LangKm
WA1FEMC030047,បរិវាសវិនិច្ឆ័យ,parivās vinicchăy,,III.3,FEMC_Scheme_III_3,LangKm
WA1FEMC030048,បដិសម្ភិទាមហាវគ្គ,paṭisambhidā mahāvagg,,III.3,FEMC_Scheme_III_3,LangKm
WA1FEMC030049,បុព្វសិក្ខា,pubb sikkhā,,III.3,FEMC_Scheme_III_3,LangKm
WA1FEMC030050,បុច្ឆាវិស្សជ្ជនាព្រះវិន័យ,pucchā vissajjanā braḥ vinăy,Related to another sermon?,III.3,FEMC_Scheme_III_3,LangKm
WA1FEMC030051,បុច្ឆាវិស្សជ្ជនាត្រៃសិក្ខាសាសនធម៌,pucchā vissajjanā trai sikkhā sāsanadhaṛm,Should be III.1?,III.3,FEMC_Scheme_III_3,LangKm
WA1FEMC030052,សាមណេរបណ្ហាប្រែ,sāmaṇer paṇhā prè,Suttanipāta? Not vinaya?,III.3,FEMC_Scheme_III_3,LangKm
WA1FEMC030053,សមោធានបរិវាស,samodhān parivās,,III.3,FEMC_Scheme_III_3,LangKm
WA1FEMC030054,សិក្ខាបទសាមណេរ,sikkhāpad sāmaṇer,,III.3,FEMC_Scheme_III_3,LangKm
WA1FEMC030055,សិក្ខាបទវណ្ណនា,sikkhāpad vaṇṇanā,With something else?,III.3,FEMC_Scheme_III_3,LangKm
WA1FEMC030056,សិក្ខាបទវិនិច្ឆ័យ,sikkhāpad vinicchăy,Related to another?,III.3,FEMC_Scheme_III_3,LangKm
WA1FEMC030057,សិក្ខាបទវិនិច្ឆ័យបាចិត្តិយ,sikkhāpad vinicchăy pācittiy,Just a chapter of...,III.3,FEMC_Scheme_III_3,LangKm
WA1FEMC030058,ឧបោ​សថគ្រហស្ថ,Uposath grahasth,,III.3,FEMC_Scheme_III_3,LangKm
WA1FEMC030059,វិន័យនៃនិស្សគ្គិយ,vinăy nai nissaggiy,Part of something else?,III.3,FEMC_Scheme_III_3,LangKm
WA1FEMC030060,វិន័យនេន,vinăy nen,Part of something else?,III.3,FEMC_Scheme_III_3,LangKm
WA1FEMC030061,វិន័យសម្រាប់ភិក្ខុ,vinăy samrāp' bhikkhu,Part of something else?,III.3,FEMC_Scheme_III_3,LangKm
WA1FEMC030062,វិន័យសិក្ខាបទ,vinăy sikkhāpad,Same as other?,III.3,FEMC_Scheme_III_3,LangKm
WA1FEMC030063,វិន័យសង្រួម,vinăy saṅruom,,III.3,FEMC_Scheme_III_3,LangKm
WA1FEMC030064,វិន័យវិនិច្ឆ័យ,vinăy vinicchăy,Same as something else?,III.3,FEMC_Scheme_III_3,LangKm
WA1FEMC030065,វិនិច្ឆ័យកឋិនភេទ,vinicchăy kaṭhin bhed,Same as something else?,III.3,FEMC_Scheme_III_3,LangKm
WA1FEMC030066,វិនិច្ឆ័យខន្ធវគ្គ,vinicchăy khandh vagg,Same as something else?,III.3,FEMC_Scheme_III_3,LangKm
WA1FEMC120001,ពេចដា,bec ṭā,,II.1,FEMC_Scheme_II_1,LangKm
WA1FEMC120002,ភិនសុវណ្ណ,bhin suvaṇṇ,,II.1,FEMC_Scheme_II_1,LangKm
WA1FEMC120003,ភោគកុលកុមារ,bhog kul kumār,,II.1,FEMC_Scheme_II_1,LangKm
WA1FEMC120004,ព្រះបាទវិនា,braḥ pād vinā,,II.1,FEMC_Scheme_II_1,LangKm
WA1FEMC120005,ព្រះបាទយសកេរ្តិ៍,braḥ pād yasakerti,,II.1,FEMC_Scheme_II_1,LangKm
WA1FEMC120006,ចម្ប៉ាថោង,camp''ā thoṅ,,II.1,FEMC_Scheme_II_1,LangKm
WA1FEMC120007,ចន្ទឃាដ,cand ghāṭ,,II.1,FEMC_Scheme_II_1,LangKm
WA1FEMC120008,ចន្ទគោរព,cand gorab,,II.1,FEMC_Scheme_II_1,LangKm
WA1FEMC120009,ចន្ទស៊ីសមុទ្រ,cand sīsamudr,,II.1,FEMC_Scheme_II_1,LangKm
WA1FEMC120010,ចៅឳមនាងពៅ,cau Aom nāṅ bau,,II.1,FEMC_Scheme_II_1,LangKm
WA1FEMC120011,ចៅក្រពត,cau krabat,,II.1,FEMC_Scheme_II_1,LangKm
WA1FEMC120012,ធនញ្ជ័យ,dhan-ñjăy,,II.1,FEMC_Scheme_II_1,LangKm
WA1FEMC120013,ទិព្វសង្វារ,dibv saṅvār,,II.1,FEMC_Scheme_II_1,LangKm
WA1FEMC120014,ហង្សយន្ត,haṅs yant,,II.1,FEMC_Scheme_II_1,LangKm
WA1FEMC120015,ជបលក្ខណ៍ រាមលក្ខណ៍,jap lakkhaṇ rām lakkhaṇ,,II.1,FEMC_Scheme_II_1,LangKm
WA1FEMC120016,ជាវគុណ,jāv guṇ,,II.1,FEMC_Scheme_II_1,LangKm
WA1FEMC120017,ជ័យទត្ត,jăy datt,,II.1,FEMC_Scheme_II_1,LangKm
WA1FEMC120018,ជិនវង្ស,jinavaṅs,,II.1,FEMC_Scheme_II_1,LangKm
WA1FEMC120019,កងកប,kaṅ kap,,II.1,FEMC_Scheme_II_1,LangKm
WA1FEMC120020,កៅហាយ,kau hāy,,II.1,FEMC_Scheme_II_1,LangKm
WA1FEMC120021,ក្រុងសុភមិត្ត,kruṅ subhamitt,,II.1,FEMC_Scheme_II_1,LangKm
WA1FEMC120022,លក្សណវង្ស,laksaṇavaṅs,,II.1,FEMC_Scheme_II_1,LangKm
WA1FEMC120023,ល្បើកស្រីវិជ័យ,lpök srī vijăy,,II.1,FEMC_Scheme_II_1,LangKm
WA1FEMC120024,មគ្គលីផល,maggalī phal,,II.1,FEMC_Scheme_II_1,LangKm
WA1FEMC120025,មរណមាតា,maraṇamātā,,II.1,FEMC_Scheme_II_1,LangKm
WA1FEMC120026,ឫទ្ធិសែន,Ṛddhi sèn,,II.1,FEMC_Scheme_II_1,LangKm
WA1FEMC120027,សព្វសិទ្ធ,sabb siddh,,II.1,FEMC_Scheme_II_1,LangKm
WA1FEMC120028,សមណគោតម,samaṇagotam,,II.1,FEMC_Scheme_II_1,LangKm
WA1FEMC120029,ស័ង្ខបត្ត,săṅkh patt,,II.1,FEMC_Scheme_II_1,LangKm
WA1FEMC120030,ស័ង្ខសិល្ប៏ជ័យ,săṅkh silp jăy,,II.1,FEMC_Scheme_II_1,LangKm
WA1FEMC120031,សិទ្ធធ្នូ,siddh dhnū,,II.1,FEMC_Scheme_II_1,LangKm
WA1FEMC120032,សិរសា,sirasā,,II.1,FEMC_Scheme_II_1,LangKm
WA1FEMC120033,ស្រទបចេក,sradap cek,,II.1,FEMC_Scheme_II_1,LangKm
WA1FEMC120034,ស្ដេចក្មេង,stec kmeṅ,,II.1,FEMC_Scheme_II_1,LangKm
WA1FEMC120035,សុធនកុមារ,sudhan kumār,,II.1,FEMC_Scheme_II_1,LangKm
WA1FEMC120036,សុគន្ធថោង,sugandh thoṅ,,II.1,FEMC_Scheme_II_1,LangKm
WA1FEMC120037,សុរព្ភ,surabbh,,II.1,FEMC_Scheme_II_1,LangKm
WA1FEMC120038,សុរេន្រ្ទវតីសិរីវិជ័យ,surendr vatī sirī vijăy,,II.1,FEMC_Scheme_II_1,LangKm
WA1FEMC120039,សូវ៉ាត,sūv''āt,,II.1,FEMC_Scheme_II_1,LangKm
WA1FEMC120040,សុវណ្ណហង្ស,suvaṇṇ haṅs,,II.1,FEMC_Scheme_II_1,LangKm
WA1FEMC120041,សុវណ្ណខ្យងស័ង្ខ,suvaṇṇ khyaṅ săṅkh,,II.1,FEMC_Scheme_II_1,LangKm
WA1FEMC120042,សុវណ្ណផលា,suvaṇṇ phalā,,II.1,FEMC_Scheme_II_1,LangKm
WA1FEMC120043,សុវណ្ណសិរសា,suvaṇṇ sirasā,Labeled as III.1? But otherwise II.1,III.1,FEMC_Scheme_III_1,LangKm
WA1FEMC120044,ដាវរឿង,ṭāv rīöṅ,10 at British Library?,II.1,FEMC_Scheme_II_1,LangKm
WA1FEMC120045,វរនេត្រ​ វរនុជ,varanetr varanuj,,II.1,FEMC_Scheme_II_1,LangKm
WA1FEMC120046,វរវង្ស សូរ្យវង្ស,varavaṅ sūryavaṅs,,II.1,FEMC_Scheme_II_1,LangKm
WA1FEMC120047,វិមានចន្ទ,vimān cand,,II.1,FEMC_Scheme_II_1,LangKm
WA1FEMC120048,អនុរុទ្ធ,anuruddh,Correct genre?,II.1,FEMC_Scheme_II_1,LangKm
WA1FEMC120049,អសោកមហារាជ,asok mahā rāj,Correct genre?,II.1,FEMC_Scheme_II_1,LangKm
WA1FEMC120050,ពេជ្រមកុដ,bejr makuṭ,,II.1,FEMC_Scheme_II_1,LangKm
WA1FEMC120051,ពែងកែវមរកត,bèṅ kèv marakat,,II.1,FEMC_Scheme_II_1,LangKm
WA1FEMC120052,ភិនវង្ស,bhinavaṅs,,II.1,FEMC_Scheme_II_1,LangKm
WA1FEMC120053,ពិម្ពវង្ស,bimbavaṅs,Ratanabimbavaṁsa? Genre? Should be III.1 Pali-Khmer prose,II.1,FEMC_Scheme_II_1,LangKm
WA1FEMC120054,ពោធិវង្ស,bodhivaṅs,,II.1,FEMC_Scheme_II_1,LangKm
WA1FEMC120055,ព្រះធម្មបាលៈ,braḥ dhammapāla:,Genre?,II.1,FEMC_Scheme_II_1,LangKm
WA1FEMC120056,ព្រះកេតុមាលា,braḥ ketu mālā,,II.1,FEMC_Scheme_II_1,LangKm
WA1FEMC120057,ព្រះបាទស៊ីសៅ,braḥ pād sīsau,,II.1,FEMC_Scheme_II_1,LangKm
WA1FEMC120058,ព្រះសមុទ្រ,braḥ samudr,,II.1,FEMC_Scheme_II_1,LangKm
WA1FEMC120059,ព្រះថោងនាងនាគ,braḥ thoṅ nāṅ nāg,,II.1,FEMC_Scheme_II_1,LangKm
WA1FEMC120060,ចន្ទកុមារ,cand kumār,,II.1,FEMC_Scheme_II_1,LangKm
WA1FEMC120061,ចៅអណ្ដើក,cau aṇtök,Right genre? Not a fable?,II.1,FEMC_Scheme_II_1,LangKm
WA1FEMC120062,ចៅពង្សកេតុសុរិយវង្ស,cau baṅs ketu suriyavaṅs,,II.1,FEMC_Scheme_II_1,LangKm
WA1FEMC120063,ចៅចំហុយនំ,cau caṃhuy naṃ,,II.1,FEMC_Scheme_II_1,LangKm
WA1FEMC120064,ចៅទត្តកុមារ,cau datt kumār,,II.1,FEMC_Scheme_II_1,LangKm
WA1FEMC120065,ចៅមាស,cau mās,,II.1,FEMC_Scheme_II_1,LangKm
WA1FEMC120066,ចៅរាជកុល,cau rāj kul,,II.1,FEMC_Scheme_II_1,LangKm
WA1FEMC120067,ចៅសោម,cau som,,II.1,FEMC_Scheme_II_1,LangKm
WA1FEMC120068,ចិន្តកុមារ,cint kumār,Related to cand kumār?,II.1,FEMC_Scheme_II_1,LangKm
WA1FEMC120069,ធម្មជោត,dhamm jot,,II.1,FEMC_Scheme_II_1,LangKm
WA1FEMC120070,ទុំទាវ,duṃ dāv,,II.1,FEMC_Scheme_II_1,LangKm
WA1FEMC120071,ឃុនឆាង ឃុនផែន,ghun chāṅ ghun phèn,,II.1,FEMC_Scheme_II_1,LangKm
WA1FEMC120072,ហានប៊ុន,hān pun,,II.1,FEMC_Scheme_II_1,LangKm
WA1FEMC120073,កុលិកបណ្ឌិត,kulik paṇḍit,,II.1,FEMC_Scheme_II_1,LangKm
WA1FEMC120074,កុមារាណ,kumārāṇ,,II.1,FEMC_Scheme_II_1,LangKm
WA1FEMC120075,ល្បើកអង្គរវត្ត,lpök aṅgar vatt,,II.1,FEMC_Scheme_II_1,LangKm
WA1FEMC120076,ល្បើកកាកី,lpök kākī,,II.1,FEMC_Scheme_II_1,LangKm
WA1FEMC120077,នាងបដាចារ,nāṅ paṭācār,Genre?,II.1,FEMC_Scheme_II_1,LangKm
WA1FEMC120078,នាវ័ន,nāvăn,,II.1,FEMC_Scheme_II_1,LangKm
WA1FEMC120079,និគ្រោធអម្រឹក,nigrodh amrịk,,II.1,FEMC_Scheme_II_1,LangKm
WA1FEMC120080,ផ្អូកផ្គរ,ph-ūk phgar,,II.1,FEMC_Scheme_II_1,LangKm
WA1FEMC120081,ផាត់សាមា,phāt' sāmā,,II.1,FEMC_Scheme_II_1,LangKm
WA1FEMC120082,ផ្ការាំទឹករាំ,phkā rāṃ dịk rāṃ,,II.1,FEMC_Scheme_II_1,LangKm
WA1FEMC120083,បុណ្ណា,puṇṇā,,II.1,FEMC_Scheme_II_1,LangKm
WA1FEMC120084,សមុទ្ទឃោស,samuddaghos,,II.1,FEMC_Scheme_II_1,LangKm
WA1FEMC120085,ស្គរមាស,sgar mās,,II.1,FEMC_Scheme_II_1,LangKm
WA1FEMC120086,សិង្ហនាទ,siṅhanād,,II.1,FEMC_Scheme_II_1,LangKm
WA1FEMC120087,ស្រីកុមារ,srī kumār,,II.1,FEMC_Scheme_II_1,LangKm
WA1FEMC120088,ស្តេចកំព្រា,stec kaṃbrā,,II.1,FEMC_Scheme_II_1,LangKm
WA1FEMC120089,ស្តេចកំប្រុក,stec kaṃpruk,Surin?,II.1,FEMC_Scheme_II_1,LangKm
WA1FEMC120090,សុភោគ,subhog,Same or not?,II.1,FEMC_Scheme_II_1,LangKm
WA1FEMC120091,សុនន្ទជាតក,sunand jātak,Same or not?,II.1,FEMC_Scheme_II_1,LangKm
WA1FEMC120092,សុវណ្ណវង្ស,suvaṇṇavaṅs,,II.1,FEMC_Scheme_II_1,LangKm
WA1FEMC120093,តម្ពែកទាំង៤,tambèk daṃṅ 4,,II.1,FEMC_Scheme_II_1,LangKm
WA1FEMC120094,តារារត្នរឿងរង្សី,tārāratn rīöṅ raṅsī,,II.1,FEMC_Scheme_II_1,LangKm
WA1FEMC120095,តេជោដាំឌិន,tejo ṭāṃḍin,,II.1,FEMC_Scheme_II_1,LangKm
WA1FEMC120096,យីតោបួយ,yītopuoy,,II.1,FEMC_Scheme_II_1,LangKm
WA1FEMC120097,ដំរីស,ṭaṃrī sa,,II.1,FEMC_Scheme_II_1,LangKm
WA1FEMC120098,ព្រះធម្មិល្លៈ,braḥ dhammillà,,II.1,FEMC_Scheme_II_1,LangKm
WA1FEMC120099,មាយើង,mā yöṅ,,II.1,FEMC_Scheme_II_1,LangKm
WA1FEMC120100,ចៅសម្មា,cau sammā,,II.1,FEMC_Scheme_II_1,LangKm
WA1FEMC120101,ឃោសបុត្ត,ghos putt,,II.1,FEMC_Scheme_II_1,LangKm
WA1FEMC120102,ឆទ្ទន្ត,chaddant,,II.1,FEMC_Scheme_II_1,LangKm
WA1FEMC120103,រតនាវង្ស,ratanāvaṅs,,II.1,FEMC_Scheme_II_1,LangKm
WA1FEMC120104,មាឃមាណព,māgh māṇab,,II.1,FEMC_Scheme_II_1,LangKm
WA1FEMC120105,សោនន្ទ,sonand,From Pali paññāsajātak,II.1,FEMC_Scheme_II_1,LangKm
WA1FEMC120106,មិលិន្ទ,milind,Relation to milindappañhā?,II.1,FEMC_Scheme_II_1,LangKm
WA1FEMC120107,ជ័យសូរ្យវង្ស,jăy sūryavaṅs,Seems to be different,II.1,FEMC_Scheme_II_1,LangKm
WA1FEMC120108,ទេវ័ន្ត,devănt,,II.1,FEMC_Scheme_II_1,LangKm
WA1FEMC120109,សុវណ្ណក្តាមស,suvaṇṇ ktām sa,,II.1,FEMC_Scheme_II_1,LangKm
WA1FEMC120110,ភួងមាល័យ,bhuoṅ mālăy,,II.1,FEMC_Scheme_II_1,LangKm
WA1FEMC120111,សុត្ថកុត្ថ ? សកុណណ្ឌ ?,,A problem!,II.1,FEMC_Scheme_II_1,LangKm
WA1FEMC140001,ព្រះរាជពង្សាវតារព្រះមហាក្សត្រ,braḥ rāj baṅsāvatār braḥ mahā ksatr,Different versions?,IV.2,FEMC_Scheme_IV_2,LangKm
WA1FEMC140002,រាជក្រឹត្យក្រមពលទេព,rāj krịty kram bal deb,,V.2,FEMC_Scheme_V_2,LangKm
WA1FEMC140003,រាជក្រឹត្យក្រមទសភរិយា,rāj krịty kram das bhariyā,,V.2,FEMC_Scheme_V_2,LangKm
WA1FEMC140004,រាជក្រឹត្យក្រមប្រដៅចៅក្រម,rāj krịty kram praṭau cau kram,,V.2,FEMC_Scheme_V_2,LangKm
WA1FEMC140005,ពង្សាវតារព្រះពុទ្ធដ៏ជាអម្ចាស់,baṅsāvatār braḥ buddh ṭă jā amcās',,IV.1,FEMC_Scheme_IV_1,LangKm
WA1FEMC140006,ក្រុងកម្ពុជាធិបតី ព្រះរាជបវត្តិបុព្វចរិយា បុណ្យសម្ពោធ​ ព្រះរូបសម្ដច ព្រះមហាសង្ឃរាជា សង្ឃនាយកព្រះនាម(ទៀង),kruṅ kambujādhipatī braḥ rāj pavatti pubbacariyā puṇy sambodh braḥ rūp samtec braḥ mahā saṅgharājā saṅghanāyak braḥ nām (dīeṅ),,IV.1,FEMC_Scheme_IV_1,LangKm
WA1FEMC140007,រឿងព្រះជេតពន,rīöṅ braḥ jetaban,,IV.1,FEMC_Scheme_IV_1,LangKm
WA1FEMC140008,ល្បើកព្រះរាជពង្សាវតារព្រះមហាក្សត្រ,lpök braḥ rāj baṅsāvatār braḥ mahāksatr,,IV.2,FEMC_Scheme_IV_2,LangKm
WA1FEMC140009,បណ្ដាំតាមាស,paṇtāṃ tā mās,,IV.2,FEMC_Scheme_IV_2,LangKm
WA1FEMC140010,ពលទេពក្រឹត្យ,baladeb krịty,,V.2,FEMC_Scheme_V_2,LangKm
WA1FEMC140011,ឆ្មាំទ្វារក្រឹត្យ,chmāṃ dvār krịty,,V.2,FEMC_Scheme_V_2,LangKm
WA1FEMC140012,ច្បាប់លក្ខណ:ក្រមបំណុល,cpāp' lakkhaṇa: kram paṃṇul,,V.2,FEMC_Scheme_V_2,LangKm
WA1FEMC140013,ច្បាប់សាក្សីពិសោធន៍,cpāp' sāksī bisodhan,,V.2,FEMC_Scheme_V_2,LangKm
WA1FEMC140014,ទសពិធរាជធម៌,dasabidh rāj dhaṛm,,V.2,FEMC_Scheme_V_2,LangKm
WA1FEMC140015,ឃុនឃ្លាំងក្រឹត្យ,ghun ghlāṃṅ krịty,,V.2,FEMC_Scheme_V_2,LangKm
WA1FEMC140016,មហេសីក្រឹត្យ,mahesī​ krịty,,V.2,FEMC_Scheme_V_2,LangKm
WA1FEMC140017,មាតាក្រឺត្យ,mātā krịty,,V.2,FEMC_Scheme_V_2,LangKm
WA1FEMC140018,បុរោហិតក្រឹត្យ,purohit krịty,,V.2,FEMC_Scheme_V_2,LangKm
WA1FEMC140019,រាជក្រឹត្យសង្ឃរី,rāj krịty saṅgharī,,V.2,FEMC_Scheme_V_2,LangKm
WA1FEMC140020,សារថីក្រឹត្យ,sārathī krịty,,V.2,FEMC_Scheme_V_2,LangKm
WA1FEMC140021,សេដ្ឋីក្រឹត្យ,seṭṭhī krịty,,V.2,FEMC_Scheme_V_2,LangKm
WA1FEMC140022,សុវណ្ណបុប្ផាក្រឹត្យ,suvaṇṇ pupphā krịty,,V.2,FEMC_Scheme_V_2,LangKm
WA1FEMC140023,ឧបរាជក្រឺត្យ,Uparāj krịty,,V.2,FEMC_Scheme_V_2,LangKm
WA1FEMC020001,មង្គលត្ថទីបនីអដ្ឋកថាមង្គលសូត្រ,maṅgalatthadīpanī aṭṭhakathā maṅgal sūtr,,III.2,FEMC_Scheme_III_2,LangKm
WA1FEMC020002,មង្គលទាំង៣៨ប្រការ,maṅgal dāṃṅ 38 prakār,,III.2,FEMC_Scheme_III_2,LangKm
WA1FEMC020003,មង្គលសូត្រសង្ខេបសេចក្ដី,maṅgal sūtr saṅkhep sec-ktī,,III.2,FEMC_Scheme_III_2,LangKm
WA1FEMC020004,មង្គលសូត្រត្រៃសរណគមន៍,maṅgal sūtr trai saranagaman,,III.2,FEMC_Scheme_III_2,LangKm
WA1FEMC020005,មាតាបិតុឧបដ្ឋានកថា,mātā pitu Upaṭṭhān​ kathā,,III.2,FEMC_Scheme_III_2,LangKm
WA1FEMC020006,មតកសូត្រ,matak sūtr,"Ānisaṃsa of lök sab, attributed to Sumedhāpaṇḍita",III.2,FEMC_Scheme_III_2,LangKm
WA1FEMC020007,មាតុគុណសូត្រ,mātuguṇ sūtr,"One is label 7, oddly",III.2,FEMC_Scheme_III_2,LangKm
WA1FEMC020008,និព្វានសូត្រ,nibbān sūtr,"Original verse, then nissaya",III.2,FEMC_Scheme_III_2,LangKm
WA1FEMC020009,បិតុគុណសូត្រ,pituguṇ sūtr,"Fake-sutta, nissaya, narrative",III.2,FEMC_Scheme_III_2,LangKm
WA1FEMC020010,សង្រួមមង្គលត្ថទីបនី,saṅruom maṅgalatthadīpanī,,III.2,FEMC_Scheme_III_2,LangKm
WA1FEMC020011,សីលសារសូត្រ,sīl sār sūtr,"Fake sutta, light nissaya/narrative",III.2,FEMC_Scheme_III_2,LangKm
WA1FEMC020012,តិរោកុឌ្ឌសូត្រ,tirokuḍḍasūtr,Nissaya/narrative/canonical,III.2,FEMC_Scheme_III_2,LangKm
WA1FEMC020013,យសោធរាពិម្ពានិព្វាន,yasodharā bimbā nibbān,Sometimes III.1,III.2,FEMC_Scheme_III_2,LangKm
WA1FEMC020014,អង្គុត្តរនិកាយ,aṅguttaranikāy,Many problems sorting this one,III.2,FEMC_Scheme_III_2,LangKm
WA1FEMC020015,អរិយធនសូត្រ,ariyadhan sūtr,Same as Ariya drabv 7?,III.2,FEMC_Scheme_III_2,LangKm
WA1FEMC020016,ព្រហ្មសូត្រ,brahm sūtr,Devadūta-sutta of MN?,III.2,FEMC_Scheme_III_2,LangKm
WA1FEMC020017,ពុទ្ធរតនសូត្រ,buddh ratanasūtr,Opens with original verse; non-canonical,III.2,FEMC_Scheme_III_2,LangKm
WA1FEMC020018,ចន្ទសុកគិរីសូត្រ,cand suk girī sūtr,Non-canoical sermon,III.2,FEMC_Scheme_III_2,LangKm
WA1FEMC020019,ទេវោរោហណសូត្រកថា,devorohaṇ sūtr kathā,"Candaviriyo, 1929 AD",III.2,FEMC_Scheme_III_2,LangKm
WA1FEMC020020,ធម្មចក្កប្បវត្តនសូត្រ,dhammacakkappavattan sūtr,Attributed to Porāṇācariya (others are different or in Thai),III.2,FEMC_Scheme_III_2,LangKm
WA1FEMC020021,គិរិមានន្ទសូត្រ,girimānand sūtr,Nissaya-ish,III.2,FEMC_Scheme_III_2,LangKm
WA1FEMC020022,ខុទ្ទកនិកាយអដ្ឋកថាជាតក ឯកាទសនិបាត,khuddakanikāy aṭṭhakathā jātak Ekādasanipāt,,III.2,FEMC_Scheme_III_2,LangKm
WA1FEMC020023,មហាហោគ្គល្ថានត្ថេរបរិនិពា្វន,mahā moggallānatther parinibbān,"Nissiaya-ish, 3-column",III.2,FEMC_Scheme_III_2,LangKm
WA1FEMC020024,អនត្តលក្ខណសូត្រ,anattalakkhaṇ sūtr,"Prince Varacakraraṇariddhi, 1949",III.2,FEMC_Scheme_III_2,LangKm
WA1FEMC020025,អាទិត្តបរិយាយសូត្រ,āditt pariyāy sūtr,No images,III.2,FEMC_Scheme_III_2,LangKm
WA1FEMC020026,អាការវតារសូត្រ,ākāravatār sūtr,Sermon as presented in my diss.,III.2,FEMC_Scheme_III_2,LangKm
WA1FEMC020027,អង្គុត្តរនិកាយឯកនិបាត,aṅguttaranikāy Ekanipāt,"Nissaya , complete ekanipāt (ms. from 1925-1940)",III.2,FEMC_Scheme_III_2,LangKm
WA1FEMC020028,អង្គុត្តរនិកាយប៉េនប្លាយ,aṅguttaranikāy p''en plāy,,III.2,FEMC_Scheme_III_2,LangKm
WA1FEMC020029,អង្គុត្តរនិកាយសង្ខេបសេចក្ដី,aṅgu​​​​​ttaranikāy saṅkhep sec-ktī,,III.2,FEMC_Scheme_III_2,LangKm
WA1FEMC020030,អង្គុត្តរនិកាយតិក្កនិបាត,aṅguttaranikāy tikkanipāt,Spelling?,III.2,FEMC_Scheme_III_2,LangKm
WA1FEMC020031,អនុត្តរិយសូត្រ,anuttariy sūtr,Bho sādhavo-style nissaya,III.2,FEMC_Scheme_III_2,LangKm
WA1FEMC020032,"អនុត្តរិយសូត្រ សម្រាប់ទុកទេសនាក្នុងពិធីធ្វើពិសាខបូជា,​ មាឃបូជា",anuttariy sūtr samrāp' duk desanā knuṇ bidhī dhvö bisākh pūjā māgh pūjā,Relation to normal one?,III.2,FEMC_Scheme_III_2,LangKm
WA1FEMC020033,ពហុសូត្រ,bahu sūtr,An actual sutra?,III.2,FEMC_Scheme_III_2,LangKm
WA1FEMC020034,ព្រះសូត្របិដកនិទានសុព្ភសូត្រនិងតោទេយ្យព្រាហ្មណ៍,braḥ sūtr piṭak nidān subbh sūtr niṅ todeyy brāhmaṇ,Same as todeyya?,III.2,FEMC_Scheme_III_2,LangKm
WA1FEMC020035,ធជគ្គសូត្រ,dhajagg sūtr,,III.2,FEMC_Scheme_III_2,LangKm
WA1FEMC020036,គិរិមានន្ទសូត្រប្រែ,girimānand sūtr prè,Similar to normal version (2470),III.2,FEMC_Scheme_III_2,LangKm
WA1FEMC020037,គិរិមានន្ទត្ថេរ បរមត្ថធម៌បដិច្ចសមុប្បាទធម៌,girimānandatther paramatth dhaṛm paṭiccasamuppād dhaṛm,Merge with normal version,III.2,FEMC_Scheme_III_2,LangKm
WA1FEMC020038,ឥសិគិលិសូត្រ,Isigili sūtr,Thai nissaya,III.2,FEMC_Scheme_III_2,LangKm
WA1FEMC020039,មគ្គវិភង្គសូត្រ,maggavibhaṅ sūtr,No images,III.2,FEMC_Scheme_III_2,LangKm
WA1FEMC020040,មហាសមយសូត្រ,mahā samay sūtr,Thai (c.2) or Khmer (d.109) nissaya,III.2,FEMC_Scheme_III_2,LangKm
WA1FEMC020041,មង្គលសូត្រពាក្យកាព្យ,maṅgal sūtr bāky kāby,,III.2,FEMC_Scheme_III_2,LangKm
WA1FEMC020042,មង្គលសូត្រចោទឆ្លើយ,maṅgal sūtr cod chlöy,,III.2,FEMC_Scheme_III_2,LangKm
WA1FEMC020043,និព្វានសូត្រ ខ្សែនេះជាសង្ខេបសម្រាប់ទេសនាថ្ងៃ៨រោចខែពិសាខគឺថ្វាយព្រះភ្លើងបូជាព្រះបរមសពចែកព្រះសារីរិកធាតុ,nibbān sūtr khsè neḥ jā saṅkhep samrāp' desanā thṅai 8 roc khè bisākh gḹ  thvāy braḥ bhlöṅ pūjā braḥ param sab cèk braḥ sārīri-kadhātu,Relation to normal one?,III.2,FEMC_Scheme_III_2,LangKm
WA1FEMC020044,និព្វានសូត្រសេចក្តីតំណទៅចុងមានសំដែងអំពីរាជសីហទាំង៤និងសេះសិន្ធពសេះពលាហក (ពន្យល់អត្ថន័យព្រះនិព្វាន),nibbān sūtr sec-ktī taṃṇa dau cuṅ mān saṃṭèṅ aṃbī rāj sīh dāṃṅ 4 niṅ seḥ sindhab seḥ balāhak,Relation to normal one?,III.2,FEMC_Scheme_III_2,LangKm
WA1FEMC020045,បាដិកសូត្រ,pāṭikasūtr,Part of something else?,III.2,FEMC_Scheme_III_2,LangKm
WA1FEMC020046,បាយាសិរាជញ្ញសូត្រ,pāyāsirājaññ sūtr,??? Part of something else?,III.2,FEMC_Scheme_III_2,LangKm
WA1FEMC020047,សំយុត្តនិកាយ,saṃyuttanikāy,"What is this, really?",III.2,FEMC_Scheme_III_2,LangKm
WA1FEMC020048,សង្កន្តសូត្រ,saṅkantasūtr,Part of something else?,III.2,FEMC_Scheme_III_2,LangKm
WA1FEMC020049,សាវកនិព្វាន,sāvak nibbān,Framework of other texts?,III.2,FEMC_Scheme_III_2,LangKm
WA1FEMC020050,សិង្គាលោវាទសូត្រ,siṅgālovād sūtr,,III.2,FEMC_Scheme_III_2,LangKm
WA1FEMC020051,វេទល្ថសូត្រ,vedallasūtr,Or 4th fasc. of something else?,III.2,FEMC_Scheme_III_2,LangKm
WA1FEMC130001,ពពេចញីឈ្មោល,babec ñī jhmol,,II.2,FEMC_Scheme_II_2,LangKm
WA1FEMC130002,ល្បើកអក,lpök ak,Compare ak bhnaṁ,II.2,FEMC_Scheme_II_2,LangKm
WA1FEMC130003,ល្បើកជុច,lpök juc,,II.2,FEMC_Scheme_II_2,LangKm
WA1FEMC130004,ល្បើកក្តាមផ្គរ,lpök ktām phgar,,II.2,FEMC_Scheme_II_2,LangKm
WA1FEMC130005,ទំពែកទាំងបួន,daṃbèk dāṃṅ puon,Genre? Some under II.1?,II.2,FEMC_Scheme_II_2,LangKm
WA1FEMC130006,ទន្សាយស៊ីចេក,dansāy sī cek,Some maybe other dansāy,II.2,FEMC_Scheme_II_2,LangKm
WA1FEMC130007,ល្បើកអកភ្នំ,lpök ak bhnaṃ,Different than ak?,II.2,FEMC_Scheme_II_2,LangKm
WA1FEMC130008,ល្បើកអង្គប់កណ្តុរ,lpök aṅgap' kaṇtur,,II.2,FEMC_Scheme_II_2,LangKm
WA1FEMC130009,ល្បើកទន្សាយច្រូតសូ្បវ,lpök dansāy crūt spūv,,II.2,FEMC_Scheme_II_2,LangKm
WA1FEMC130010,ល្បើកទោមញី,lpök dom ñī,,II.2,FEMC_Scheme_II_2,LangKm
WA1FEMC130011,ល្បើកទោមនិងគែប,lpök dom niṅ gèp,,II.2,FEMC_Scheme_II_2,LangKm
WA1FEMC130012,ល្បើកក្អែកទឹកក្អែកគោក,lpök k-èk dịk k-èk gok,,II.2,FEMC_Scheme_II_2,LangKm
WA1FEMC130013,ល្បើកក្តាមធំ,lpök ktām dhaṃ,,II.2,FEMC_Scheme_II_2,LangKm
WA1FEMC130014,ល្បើកក្ដាន់,lpök ktān',,II.2,FEMC_Scheme_II_2,LangKm
WA1FEMC130015,ល្បើកបង្កួយ និង កង្ហែន,lpök paṅkuoy niṅ kaṅhèn,,II.2,FEMC_Scheme_II_2,LangKm
WA1FEMC130016,ល្បើកស្រែវែង,lpök srè vèṅ,,II.2,FEMC_Scheme_II_2,LangKm
WA1FEMC130017,ល្បើកត្ថុមនឹកផ្គរ,lpök​ tlum nịk phgar,,II.2,FEMC_Scheme_II_2,LangKm
WA1FEMC130018,ល្បើកត្មាតកាង,lpök tmāt kāṅ,,II.2,FEMC_Scheme_II_2,LangKm
WA1FEMC130019,សេកសារិកា,sek sārikā,Genre? Mahosatha?,II.2,FEMC_Scheme_II_2,LangKm
WA1FEMC130020,ទន្សាយច្រូតស្បូវ,lpök dansāy crūt srūv,Some could be mixed up,II.2,FEMC_Scheme_II_2,LangKm
WA1FEMC130021,ត្រដក់,traṭak',,II.2,FEMC_Scheme_II_2,LangKm
WA1FEMC080001,មូលព្រះកម្មដ្ឋាន,mūl braḥ kammaṭṭhān,Probably differ internally?,V.3,FEMC_Scheme_V_3,LangKm
WA1FEMC080002,កម្មដ្ឋានសំវរសុទ្ធសីល,kammaṭṭhān saṃvarasuddhasīl,,V.3,FEMC_Scheme_V_3,LangKm
WA1FEMC070001,អរិយបុគ្គល,ariy puggal,"Starts with Pali quote, but little bitext",V.1,FEMC_Scheme_V_1,LangKm
WA1FEMC070002,ព្រះពុទ្ធគុណបន្លែ,braḥ buddh guṇ panlè,,V.1,FEMC_Scheme_V_1,LangKm
WA1FEMC070003,ព្រះគុណកែវបិដក,braḥ guṇ kèv piṭak,Starts with Khmer but some Pali words unpacked,V.1,FEMC_Scheme_V_1,LangKm
WA1FEMC070004,ពុទ្ធទំនាយ,buddh daṃnāy,some vien,V.1,FEMC_Scheme_V_1,LangKm
WA1FEMC070005,ពុទ្ធាភិសេក,buddhābhisek,Does it belong?,V.1,FEMC_Scheme_V_1,LangKm
WA1FEMC070006,ធម្មតាមហាអនន្តគុណ,dhammatā mahā anantaguṇ,"Pali words throughout, little full bitext",V.1,FEMC_Scheme_V_1,LangKm
WA1FEMC070007,គុណកែវទិព្វសោតមូលកម្មដ្ឋាន,guṇ kèv dibv sot mūl kammaṭṭhān,,V.1,FEMC_Scheme_V_1,LangKm
WA1FEMC070008,ក្បួនព្រះគុនកែវ,kpuon braḥ guṇ kèv,,V.1,FEMC_Scheme_V_1,LangKm
WA1FEMC070009,មូលព្រះធម្មត្រៃ,mūl braḥ dhamm trai (type A),type A (uncertain dumped here),V.1,FEMC_Scheme_V_1,LangKm
WA1FEMC070010,មូលព្រះធម្មត្រៃ,mūl braḥ dhamm trai (type B),type B,V.1,FEMC_Scheme_V_1,LangKm
WA1FEMC070011,មូលព្រះធម្មត្រៃ,mūl braḥ dhamm trai,uncertain type,V.1,FEMC_Scheme_V_1,LangKm
WA1FEMC070012,មូលព្រះវិសុទ្ធិមគ្គ,mūl braḥ visuddhimagg,,V.1,FEMC_Scheme_V_1,LangKm
WA1FEMC070013,នគរកាយ,nagar kāy,"One is listed as VI.6 (krang?) Sādhavo, no Pali quote, some Pali words throughout",V.1,FEMC_Scheme_V_1,LangKm
WA1FEMC070014,បឋមជ្ឈាន,paṭham jjhān,Pali intro only; all rest Khmer; same as paṭham viṅ-suṅ?,V.1,FEMC_Scheme_V_1,LangKm
WA1FEMC070015,បឋមវិងស៊ុង,paṭham viṅ-suṅ,Pali intro only; all rest Khmer; same as paṭham jjhān?,V.1,FEMC_Scheme_V_1,LangKm
WA1FEMC070016,បឋមវិងស៊ុងសង្ខេមសេចក្តី,paṭham viṅ-suṅ saṅkhep sec-ktī,,V.1,FEMC_Scheme_V_1,LangKm
WA1FEMC070017,សតិមហាបដ្ឋាន,sati mahā paṭṭhān,"Unusual full bitext at first, then scattered words and phrases",V.1,FEMC_Scheme_V_1,LangKm
WA1FEMC070018,ត្រៃភេទ,trai bhed,,V.1,FEMC_Scheme_V_1,LangKm
WA1FEMC070019,ត្រៃភូមិ (ត្រៃភូមិ១៣ខ្សែ),trai bhūmi,13-fasc version,V.1,FEMC_Scheme_V_1,LangKm
WA1FEMC070020,ត្រៃភូមិ​ (ត្រៃភូមិ ១០ ខ្សែ),trai bhūmi,10-fasc version,V.1,FEMC_Scheme_V_1,LangKm
WA1FEMC070021,ពាលចក្រី,bāl cakrī,,V.1,FEMC_Scheme_V_1,LangKm
WA1FEMC070022,ពំនោលព្រះឥន្ទ,baṃnol braḥ Ind,,V.1,FEMC_Scheme_V_1,LangKm
WA1FEMC070023,ព្រះឥសូរលេងពួន,braḥ Isūr leṅ buon,,V.1,FEMC_Scheme_V_1,LangKm
WA1FEMC070024,ព្រះកាលត្ថេរ,braḥ kālatther,,V.1,FEMC_Scheme_V_1,LangKm
WA1FEMC070025,ពុទ្ធទំនាយ និង ព្រះរាជពង្សាវតារ,buddh daṃnāy niṅ braḥ rāj baṅsāvatār,Similar to other daṃnāy?,V.1,FEMC_Scheme_V_1,LangKm
WA1FEMC070026,ធម្មសូន,dhamm sūn,,V.1,FEMC_Scheme_V_1,LangKm
WA1FEMC070027,ហាត្ថោពីព្រះនគរ,hāttho bī braḥ nagar,,V.1,FEMC_Scheme_V_1,LangKm
WA1FEMC070028,ក្បួនយោគី,kpuon yogī,Vien?,V.1,FEMC_Scheme_V_1,LangKm
WA1FEMC070029,រាមកេរ្តិ៍,rāmakerti,Put back in II.1?,V.1,FEMC_Scheme_V_1,LangKm
WA1FEMC070030,រតនមាលា,ratanamālā,,V.1,FEMC_Scheme_V_1,LangKm
WA1FEMC070031,ថ្នាក់ព្រះឧក្កន្តិកាព្រះកស្សបោ,thnāk' braḥ Aokkantikā braḥ kassapo,,V.1,FEMC_Scheme_V_1,LangKm
WA1FEMC070032,ថ្នាក់ព្រះខណិកាព្រះកោនាគមនោ,thnāk' braḥ khaṇikā braḥ konāgamano,,V.1,FEMC_Scheme_V_1,LangKm
WA1FEMC070033,ថ្នាក់ព្រះខុទ្ធកាព្រះកកុសន្ធោ,thnāk' braḥ khuddakā braḥ kakusandho,,V.1,FEMC_Scheme_V_1,LangKm
WA1FEMC070034,ថ្នាក់ព្រាហ្មណ៍ទំនាយព្រះពុទ្ធទាំង៥ព្រះអង្គត្រាស់ក្នុងភទ្រកល្ប,thnāk' brāhmaṇ daṃnāy braḥ buddh dāṃṅ 5 braḥ aṅg trās' knuṅ bhadraklp,,V.1,FEMC_Scheme_V_1,LangKm
WA1FEMC100001,ច្បាប់អភិធម្មកូនគោ,cpāp' abhidhamm kūn go,,I.1,FEMC_Scheme_I_1,LangKm
WA1FEMC100002,ច្បាប់ពាក្យចាស់,cpāp' bāky cās',,I.1,FEMC_Scheme_I_1,LangKm
WA1FEMC100003,ច្បាប់ទឹកលោកស្រង់,cpāp' dịk lok sraṅ',,I.1,FEMC_Scheme_I_1,LangKm
WA1FEMC100004,ច្បាប់គោបាល,cpāp' gopāl,,I.1,FEMC_Scheme_I_1,LangKm
WA1FEMC100005,ច្បាប់ហួយ,cpāp' huoy,,I.1,FEMC_Scheme_I_1,LangKm
WA1FEMC100006,ច្បាប់កេរកាល,cpāp' ker kāl,,I.1,FEMC_Scheme_I_1,LangKm
WA1FEMC100007,ច្បាប់កេសរចម្ប៉ា,"cpāp' kesar camp""ā",,I.1,FEMC_Scheme_I_1,LangKm
WA1FEMC100008,ច្បាប់កឹងកន្រ្តៃ,cpāp' kịṅ kantrai,,I.1,FEMC_Scheme_I_1,LangKm
WA1FEMC100009,ច្បាប់ក្រម,cpāp' kram,Related to  kram cpāp'?,I.1,FEMC_Scheme_I_1,LangKm
WA1FEMC100010,ច្បាប់ក្រមបរិយាយ [ក្រិតក្រំម],cpāp' kram pariyāy [krit kraṃm],,I.1,FEMC_Scheme_I_1,LangKm
WA1FEMC100011,ច្បាប់កូនចៅធំ,cpāp' kūn cau dhaṃ,,I.1,FEMC_Scheme_I_1,LangKm
WA1FEMC100012,ច្បាប់ល្បើកថ្មី,cpāp' lpök thmī,,I.1,FEMC_Scheme_I_1,LangKm
WA1FEMC100013,ច្បាប់មៃបណ្ឌិត,cpāp' mai paṇḍit,,I.1,FEMC_Scheme_I_1,LangKm
WA1FEMC100014,ច្បាប់ប្រដៅកាព្យពាក្យ៧,cpāp' praṭau kāby bāky 7,,I.1,FEMC_Scheme_I_1,LangKm
WA1FEMC100015,ច្បាប់ប្រុស និង​ ច្បាប់ព្រះរាជសម្ភារ,cpāp' prus niṅ cpāp' braḥ rāj sambhār,Just a combination?,I.1,FEMC_Scheme_I_1,LangKm
WA1FEMC100016,ច្បាប់រាជបណ្ឌិត្យ,cpāp' rāj paṇḍity,,I.1,FEMC_Scheme_I_1,LangKm
WA1FEMC100017,ច្បាប់ស្រី,cpāp' srī,All the same?,I.1,FEMC_Scheme_I_1,LangKm
WA1FEMC100018,ច្បាប់សុភាសិត,cpāp' subhāsit,,I.2,FEMC_Scheme_I_2,LangKm
WA1FEMC100019,ច្បាប់សុវណ្ណពិលាប,cpāp' suvaṇṇ bilāp,,I.1,FEMC_Scheme_I_1,LangKm
WA1FEMC100020,ច្បាប់ស្វះស្វែង,cpāp' svaḥ svèṅ,,I.1,FEMC_Scheme_I_1,LangKm
WA1FEMC100021,ច្បាប់ថ្មី,cpāp' thmī,Same as lpök thmī?,I.1,FEMC_Scheme_I_1,LangKm
WA1FEMC100022,ក្រមច្បាប់,kram cpāp',Same as cpāp' kram or not?,I.1,FEMC_Scheme_I_1,LangKm
WA1FEMC100023,ល្បើកពាក្យព្រេង,lpök bāky breṅ,,I.1,FEMC_Scheme_I_1,LangKm
WA1FEMC100024,បណ្ឌិតស្ទើរភ្លើង,paṇḍit sdör bhlöṅ,,I.1,FEMC_Scheme_I_1,LangKm
WA1FEMC100025,ព្រះច្បាប់,braḥ cpāp',,I.1,FEMC_Scheme_I_1,LangKm
WA1FEMC100026,ព្រះខ័នពេជ្រ (ខាងដើមដូចច្បាប់ពិធូរបណ្ឌិត ខាងចុងដូចច្បាប់ពាក្យចាស់),"braḥ khăn bejr (dèbut analogue au cpāp' bidhūr paṇḍit, fin analogue au cpāp' bāky cās')",,I.1,FEMC_Scheme_I_1,LangKm
WA1FEMC100027,ច្បាប់ឱនប្រណម្យ,cpāp' Aon praṇamy,,I.1,FEMC_Scheme_I_1,LangKm
WA1FEMC100028,ច្បាប់ពារពុធ,cpāp' bār budh,,I.1,FEMC_Scheme_I_1,LangKm
WA1FEMC100029,ច្បាប់ពណ៌នា,cpāp' baṛṇanā,,I.1,FEMC_Scheme_I_1,LangKm
WA1FEMC100030,"ច្បាប់ព្រះរាជសម្ភារ,​ ច្បាប់កូនចៅ,​​ ច្បាប់ត្រីនេតិ,​ ច្បាប់ពាក្យចាស់","cpāp' braḥ rāj sambhār, cpāp' kūn cau, cpāp' trī neti, cpāp' bāky cās'",Just a compilation; not sure why,I.1,FEMC_Scheme_I_1,LangKm
WA1FEMC100031,ច្បាប់ព្រោះស្រូវ,cpāp' broḥ srūv,,I.1,FEMC_Scheme_I_1,LangKm
WA1FEMC100032,ច្បាប់ពុតទមិឡ,cpāp' but damiḷ,,I.1,FEMC_Scheme_I_1,LangKm
WA1FEMC100033,ច្បាប់ចៅកំព្រា,cpāp' cau kaṃbrā,,I.1,FEMC_Scheme_I_1,LangKm
WA1FEMC100034,ច្បាប់ទសមាត្រាចិនបកស្រាយជាពាក្យខ្មែរ,cpāp' das mātrā cin pak srāy jā bāky khmèr,,I.1,FEMC_Scheme_I_1,LangKm
WA1FEMC100035,ច្បាប់ធម្មបាល (ច្បាប់មហានេតិ),cpāp' dhamm pāl (cpāp' mahā neti),,I.1,FEMC_Scheme_I_1,LangKm
WA1FEMC100036,ច្បាប់គ្រូប្រដៅ,cpāp' grū praṭau,,I.1,FEMC_Scheme_I_1,LangKm
WA1FEMC100037,ច្បាប់ហៃមហាជន,cpāp' hai mahā jan,,I.1,FEMC_Scheme_I_1,LangKm
WA1FEMC100038,ច្បាប់ហាមប្រាមអំពីល្បែង,cpāp' hām prām aṃbī lpèṅ,,I.1,FEMC_Scheme_I_1,LangKm
WA1FEMC100039,"ច្បាប់កេរកាល, ច្បាប់ទូន្មានខ្លួន, ច្បាប់ព្រះរាជសម្ភារ","cpāp' ker kāl, cpāp' dūnmān khluon, cpāp' braḥ rāj sambhār",Just a combination?,I.1,FEMC_Scheme_I_1,LangKm
WA1FEMC100040,ច្បាប់កេរកម្ម (ខាងដើមដកស្រង់ពីច្បាប់ពិធូរបណ្ឌិត ខាងចុងដកស្រង់ចេញពីច្បាប់ពាក្យចាស់),"cpāp' ker kamm (le dèbut extrait au cpāp' bidhūr paṇḍit, la fin cpāp' bāky cās')",,I.1,FEMC_Scheme_I_1,LangKm
WA1FEMC100041,ច្បាប់​ខុងចុវចៅថុក,cpāp' khuṅ cuv cau thuk,,I.1,FEMC_Scheme_I_1,LangKm
WA1FEMC100042,ច្បាប់​ក្មេង,cpāp' kmeṅ,,I.1,FEMC_Scheme_I_1,LangKm
WA1FEMC100043,ច្បាប់ក្រម​ក្រាស់,cpāp' kram krās',Surin only?,I.1,FEMC_Scheme_I_1,LangKm
WA1FEMC100044,ច្បាប់ក្រមវង្ស,cpāp' kram vaṅs,,I.1,FEMC_Scheme_I_1,LangKm
WA1FEMC100045,ច្បាប់ក្រើនស្តីមហាជន,cpāp' krön stī mahā jan,,I.1,FEMC_Scheme_I_1,LangKm
WA1FEMC100046,ច្បាប់កុមារោវាទច្បាប់ថ្មី,cpāp' kumārovād cpāp' thmī,,I.1,FEMC_Scheme_I_1,LangKm
WA1FEMC100047,ច្បាប់កូនចៅ,cpāp' kūn cau,,I.1,FEMC_Scheme_I_1,LangKm
WA1FEMC100048,ច្បាប់កូនចៅកំណើត,cpāp' kūn cau kaṃṇöt,,I.1,FEMC_Scheme_I_1,LangKm
WA1FEMC100049,ច្បាប់កូន​ចៅផ្លែល្វា,cpāp' kūn cau phlè lvā,,I.1,FEMC_Scheme_I_1,LangKm
WA1FEMC100050,ច្បាប់កូនចៅតូច,cpāp' kūn cau tūc,"Not certain these are all tūc, not dhaṁ",I.1,FEMC_Scheme_I_1,LangKm
WA1FEMC100051,ច្បាប់កូនកែវឪពុក,cpāp' kūn kèv Uvbuk,,I.1,FEMC_Scheme_I_1,LangKm
WA1FEMC100052,ច្បាប់លើកថ្មី,cpāp' lök thmī,Same or different as lpök thmī?,I.1,FEMC_Scheme_I_1,LangKm
WA1FEMC100053,ច្បាប់ល្បើ​ក​លើក​ពាក្យជាថ្មី,cpāp' lpök lök bāky jā thmī,Same or different?,I.1,FEMC_Scheme_I_1,LangKm
WA1FEMC100054,ច្បាប់ល្បើកដែលគេលើកថ្មី,cpāp' lpök ṭèl ge lök thmī,Same or different?,I.1,FEMC_Scheme_I_1,LangKm
WA1FEMC100055,ច្បាប់មហាសប្បុរស,cpāp' mahā sappuras,,I.1,FEMC_Scheme_I_1,LangKm
WA1FEMC100056,ច្បាប់នមោ,cpāp' namo,,I.1,FEMC_Scheme_I_1,LangKm
WA1FEMC100057,ច្បាប់នាងពៅ,cpāp' nāṅ bau,,I.1,FEMC_Scheme_I_1,LangKm
WA1FEMC100058,ច្បាប់ញាណមណ្ឌល,cpāp' ñāṇ maṇḍal,,I.1,FEMC_Scheme_I_1,LangKm
WA1FEMC100059,ច្បាប់នរលក្ខណ៍ស្រី,cpāp' nar lakkhaṇ srī,,I.1,FEMC_Scheme_I_1,LangKm
WA1FEMC100060,ច្បាប់បាពិសី,cpāp' pā bisī,,I.1,FEMC_Scheme_I_1,LangKm
WA1FEMC100061,ច្បាប់បង្គាប់ធ្វើបុណ្យ ចប់ទសជាតិនូវច្បាប់ផ្សឹកសាមណេរនូវច្បាប់ផ្សឹកភិក្ខុ,cpāp' paṅgāp' dhvö puṇy cap' dasajāti nūv cpāp' phsịk sāmaṇer nūv cpāp' phsịk bhikkhu,Miscategorized?,I.1,FEMC_Scheme_I_1,LangKm
WA1FEMC100062,ច្បាប់បណ្តាំពាលី និង ល្បើកកបិលភិក្ខុ,cpāp' paṇtāṃ bālī niṅ lpök kapil bhikkhu,,I.1,FEMC_Scheme_I_1,LangKm
WA1FEMC100063,ច្បាប់បណ្ដាំបិតា,cpāp' paṇtāṃ pitā,,I.1,FEMC_Scheme_I_1,LangKm
WA1FEMC100064,"ច្បាប់បណ្ដាំបិតា, ច្បាប់ពាក្យចាស់","cpāp' paṇtāṃ pitā, cpāp' bāky cās'",Just a combination,I.1,FEMC_Scheme_I_1,LangKm
WA1FEMC100065,ច្បាប់បិដក,cpāp' piṭak,Religious?,I.1,FEMC_Scheme_I_1,LangKm
WA1FEMC100066,ច្បាប់ប្រដៅកូនស្រីប្រុស,cpāp' praṭau kūn srī prus,,I.1,FEMC_Scheme_I_1,LangKm
WA1FEMC100067,ច្បាប់ប្រុស,cpāp' prus,,I.1,FEMC_Scheme_I_1,LangKm
WA1FEMC100068,ច្បាប់ប្រុសនិងច្បាប់ស្រី,cpāp' prus niṅ cpāp' srī,Just a combination,I.1,FEMC_Scheme_I_1,LangKm
WA1FEMC100069,ច្បាប់រាជមន្រ្តី,cpāp' rāj mantrī,,I.1,FEMC_Scheme_I_1,LangKm
WA1FEMC100070,ច្បាប់រាជនេតិ,cpāp' rāj neti,,I.1,FEMC_Scheme_I_1,LangKm
WA1FEMC100071,ច្បាប់រាជស័ព្ទពាក្យកាព្យ,cpāp' rāj săbd bāky kāby,,I.1,FEMC_Scheme_I_1,LangKm
WA1FEMC100072,ច្បាប់រាជសួស្ដី,cpāp' rāj suostī,,I.1,FEMC_Scheme_I_1,LangKm
WA1FEMC100073,ច្បាប់រំលឹកគុណធំ,cpāp' raṃlịk guṇ dhaṃ,,I.1,FEMC_Scheme_I_1,LangKm
WA1FEMC100074,ច្បាប់រំលឹកគុណតូច,cpāp' raṃlịk guṇ tūc,,I.1,FEMC_Scheme_I_1,LangKm
WA1FEMC100075,"ច្បាប់សម្រាប់រៀន, ច្បាប់ក្រម,​ ច្បាប់កេរកាល","cpāp' samrāp' rīen, cpāp' kram, cpāp' ker kal",Mostly a combination?,I.1,FEMC_Scheme_I_1,LangKm
WA1FEMC100076,ច្បាប់សារស័ព្ទពាក្យឪពុក,cpāp' sār săbd bāky Uvbuk,,I.1,FEMC_Scheme_I_1,LangKm
WA1FEMC100077,ច្បាប់សិស្សបី,cpāp' siss pī,,I.1,FEMC_Scheme_I_1,LangKm
WA1FEMC100078,ច្បាប់ស្រីតូច,cpāp' srī tūc,Potentially some mix-up,I.1,FEMC_Scheme_I_1,LangKm
WA1FEMC100079,ច្បាប់សុភាមាស,cpāp' subhāmās,,I.1,FEMC_Scheme_I_1,LangKm
WA1FEMC100080,ច្បាប់ត្រីនេតិ,cpāp' trī neti,"Some have others, like kāmarāg",I.1,FEMC_Scheme_I_1,LangKm
WA1FEMC100081,"ច្បាប់ត្រីនេតិ, ច្បាប់ពាក្យចាស់, ច្បាប់រាជនេតិ","cpāp' trī neti, cpap' bāky cās', cpāp' rāj neti",Just a combination,I.1,FEMC_Scheme_I_1,LangKm
WA1FEMC100082,ច្បាប់វិធូរបណ្ឌិត,cpāp' vidhūr paṇḍit,,I.1,FEMC_Scheme_I_1,LangKm
WA1FEMC100083,ក្រមច្បាប់នេះគិត,kram cpāp' neḥ git,A variant?,I.1,FEMC_Scheme_I_1,LangKm
WA1FEMC100084,ល្បើកដែនដី,lpök ṭèn ṭī,Wrong category?,I.1,FEMC_Scheme_I_1,LangKm
WA1FEMC100085,មង្គលស្ត្រី,maṅgal strī,,I.1,FEMC_Scheme_I_1,LangKm
WA1FEMC100086,មាត្រាព្រះពិធូរប្រដៅចៅភូបាល,mātrā braḥ bidhūr praṭau cau bhūpāl,,I.1,FEMC_Scheme_I_1,LangKm
WA1FEMC100087,"មេរៀនអក្សរ, ច្បាប់ក្រម, ច្បាប់កេរកាល, ច្បាប់កូនចៅធំ​=ច្បាប់ប្រុស, ច្បាប់ស្រី, ច្បាប់រាជនេតិ=ច្បាប់ត្រីនេតិ,ច្បាប់កូនចៅ,ច្បាប់ធម្មបាល,ច្បាប់រាជសួស្តី,សុបិនកុមារ","me rīen aksar, cpāp' kram, cpāp' ker kāl, cpāp' kūn cau dhaṃ = cpāp' prus, cpāp' srī, cpāp' rāj neti=cpāp' trī neti, cpāp' kūn cau, cpāp' dhamm pāl, cpāp' rāj suostī, supin kumār",A large combination?,I.1,FEMC_Scheme_I_1,LangKm
WA1FEMC100088,បណ្ដាំក្រមង៉ុយ,paṇtāṃ kram ṅ''uy,,I.1,FEMC_Scheme_I_1,LangKm
WA1FEMC100089,ដំបូន្មានធម្មតាលោក,ṭaṃpūnmān dhammatālok,,I.1,FEMC_Scheme_I_1,LangKm
WA1FEMC100090,ច្បាប់ក្រមប្រែ,cpāp' kram prè,Same as ច្បាប់ក្រមបរិយាយ?,I.1,FEMC_Scheme_I_1,LangKm
WA1FEMC100091,ច្បាប់ប្រដៅកូនចៅខ្មែរ,cpāp' pratau kūn cau khmèr,,I.1,FEMC_Scheme_I_1,LangKm
WA1FEMC100092,ច្បាប់ស្រីធំ,cpāp' srī dhaṁ,Mai's version; normal mixed up,I.1,FEMC_Scheme_I_1,LangKm
WA1FEMC100093,ច្បាប់អរិយសត្ថា,cpāp' ariyasatthā,,I.1,FEMC_Scheme_I_1,LangKm
WA1FEMC100094,នេះគឺ,neḥ gị̄,A problem; cpāp' kram?,I.1,FEMC_Scheme_I_1,LangKm
WA1FEMC100095,ង៉ុយល្បើក,"ṅ""uy lpök","Check with kram ṅ""uy",I.1,FEMC_Scheme_I_1,LangKm
WA1FEMC100096,ល្បើកច្បាប់ស្រី,lpök cpāp' srī,Different than others,I.1,FEMC_Scheme_I_1,LangKm
WA1FEMC100097,ល្បើកច្បាប់ប្រុស១ ល្បើកច្បាប់ស្រី២,lpök cpāp' prus 1 lpök cpāp' srī 2,Relation to others?,I.1,FEMC_Scheme_I_1,LangKm
WA1FEMC100098,ច្បាប់បណ្ដាំគ្រូ,cpāp' paṇṭāṁ grū,(ល្បើក) ដូចភេទនគរ,I.1,FEMC_Scheme_I_1,LangKm
WA1FEMC010001,អនាគតវង្ស,anāgatavaṅs,,III.1,FEMC_Scheme_III_1,LangKm
WA1FEMC010002,អរិយទ្រព្យ៧ប្រការ,ariy draby 7 prakār,"Some nissaya, others not?",III.1,FEMC_Scheme_III_1,LangKm
WA1FEMC010003,អរិយសច្ច,ariy sacc,"By Thoṅ, published by  Ŝuṃ",III.1,FEMC_Scheme_III_1,LangKm
WA1FEMC010004,អរិយសច្ចសង្ខេបសេចក្តី,ariy sacc saṅkhep sec-ktī,Some in previous too?,III.1,FEMC_Scheme_III_1,LangKm
WA1FEMC010005,អរុណវតី,aruṇ vatī,Cosmology; mostly Khmer prose,III.1,FEMC_Scheme_III_1,LangKm
WA1FEMC010006,អតីតនិនាន,atīt nidān,Not a real title; just a fragment,III.1,FEMC_Scheme_III_1,LangKm
WA1FEMC010007,អដ្ឋកថាវិមានវត្ថុ,aṭṭhakathā vimān vatthu,"Good trans. of Aṭṭh-k, nissaya, but Pali cut out",III.1,FEMC_Scheme_III_1,LangKm
WA1FEMC010008,អវសានកិច្ច អវិជ្ជានិទ្ទេស,avasānakicc avijjāniddes,,III.1,FEMC_Scheme_III_1,LangKm
WA1FEMC010009,អវិជ្ជា,avijjā,Nissaya of avijjā?,III.1,FEMC_Scheme_III_1,LangKm
WA1FEMC010010,"អវិជ្ជាពោធិបក្ខិយធម៌​ ១​,​ អវិជ្ជាសតិពោជ្ឈង្គ​ ១","avijjā bodhipakkhī 1, āvijjā satibojjhaṅg 1",Nissaya?,III.1,FEMC_Scheme_III_1,LangKm
WA1FEMC010011,ពាហុំ,bāhuṃ,"Same Pali as Thai, possibly a translation (opens with nissaya, then reduces)",III.1,FEMC_Scheme_III_1,LangKm
WA1FEMC010012,ភាវនាកថា,bhāvanā kathā,"Opens with Dhp 277, then q&A format, some Pali",III.1,FEMC_Scheme_III_1,LangKm
WA1FEMC010013,ពោធិបក្ខិយធម៌‌,bodhipakkhiyadhaṛm,"Very long. Opening quote, but non-nissaya. Doctrinal?",III.1,FEMC_Scheme_III_1,LangKm
WA1FEMC010014,ពោធិបក្ខិយធម៌សង្ខេបសេចក្តី,bodhipakkhiyadhaṛm saṅkhep sec-ktī,,III.1,FEMC_Scheme_III_1,LangKm
WA1FEMC010015,ព្រះពុទ្ធរតនអដ្ឋកថាវណ្ណនា,braḥ buddh ratana aṭṭhankathā vaṇṇanā,"Khmer version of the 1860 pubbasikkha-vaṇṇanā in Thai (opening line in Pali users kambujabhāsāya, but taken directly from Thai that uses syāmabhāsāya). Khmer prose.",III.1,FEMC_Scheme_III_1,LangKm
WA1FEMC010016,ព្រះពុទ្ធឃោសាចារ្យ,braḥ buddhaghosācāry,"Nissaya, but Pali descreases",III.1,FEMC_Scheme_III_1,LangKm
WA1FEMC010017,ព្រះធម្មសង្គណី​ អាការវតារសូត្រ គិរិមានន្ទសូត្រ,"braḥ dhamm saṅgaṇi, ākāravatār sūtr, girimānand sūtr",Doesn't belong; recategorize,III.1,FEMC_Scheme_III_1,LangKm
WA1FEMC010018,ព្រះមាល័យ,braḥ mālăy,Narrative style; Pali only in important places,III.1,FEMC_Scheme_III_1,LangKm
WA1FEMC010019,ពុទ្ធរតនបញ្ហា,buddh ratanapañhā,"Nimitt kaṅ dhaŕm, by Ratana Bhikkhu (1950s+ AD)",III.1,FEMC_Scheme_III_1,LangKm
WA1FEMC010020,ពុទ្ធជ័យមង្គលប្រែ,buddhajăy maṅgal prè,Ind's verse transation of this and the invitation to preach,III.1,FEMC_Scheme_III_1,LangKm
WA1FEMC010021,ចេតនាភេទា,cetanā bhedā,Translated from Thai (much bitext),III.1,FEMC_Scheme_III_1,LangKm
WA1FEMC010022,ឆព្វណ្ណរង្សី,chabbaṇṇ raṅsī,Seem to not just be Trai Bhūmi,III.1,FEMC_Scheme_III_1,LangKm
WA1FEMC010023,ចោទឆ្លើយតាមពុទ្ធនិមិត្ត,cod chlöy tām buddh nimitt,,III.1,FEMC_Scheme_III_1,LangKm
WA1FEMC010024,ទសវង្ស,dasavaṅs,Similar to anāgatavaṁsa?,III.1,FEMC_Scheme_III_1,LangKm
WA1FEMC010025,ទេវទូតធម៌,devadūt dhaṛm,Check with the other one,III.1,FEMC_Scheme_III_1,LangKm
WA1FEMC010026,ធម្មធាតុទាំង៧,dhamm dhātu dāṃṅ 7,Translated from Thai book,III.1,FEMC_Scheme_III_1,LangKm
WA1FEMC010027,ធម្មរតនវណ្ណនា,dhamm ratan vaṇṇanā,Pubbasikkhāvaṇṇanā (trans. from Thai),III.1,FEMC_Scheme_III_1,LangKm
WA1FEMC010028,ធម្មបទដ្ឋកថាប៉េនតន,dhammapadaṭṭhakathā p''en tan,păn₂ tan₂,III.1,FEMC_Scheme_III_1,LangKm
WA1FEMC010029,ធម្មបទដ្ឋកថាប៉េនប្លាយ,dhammapadaṭṭhakathā p''en plāy,păn₂ ṕlāy,III.1,FEMC_Scheme_III_1,LangKm
WA1FEMC010030,ធម្មបទដ្ឋកថា,dhammapadaṭṭhakathā,Uncertain which part!,III.1,FEMC_Scheme_III_1,LangKm
WA1FEMC010031,ធាតុវន្ទនវត្ថុ,dhātu vandanavatthu,Incredible a Khsac Kandal monk named Mau's1910  journey to Lanka to pay homage to relics (reference Thai and Lankan monks),III.1,FEMC_Scheme_III_1,LangKm
WA1FEMC010032,ជីវិទាន,jīvidān,"Sermon, bitextual",III.1,FEMC_Scheme_III_1,LangKm
WA1FEMC010033,ក្អែកស,k-èk sa,"Narrative, bitextual, differnet than pañcabuddhavyākaraṇa",III.1,FEMC_Scheme_III_1,LangKm
WA1FEMC010034,កិច្ឆោមនុស្សប្បដិលាភោ,kiccho manussappaṭilābho,"Sermon, limited Pali, more modern style",III.1,FEMC_Scheme_III_1,LangKm
WA1FEMC010035,ក្បួនកំណើតសត្វ,kpuon kaṃṇöt satv,Does it really belong?,III.1,FEMC_Scheme_III_1,LangKm
WA1FEMC010036,ក្រុងមហាជម្ពូរាជាធិបតី,kruṅ mahā jambū rājādhipatī,"Pali-Khmer of Jambūpati-sūtr, Pali citations and nissaya, first full then abbreviated)",III.1,FEMC_Scheme_III_1,LangKm
WA1FEMC010037,លោកន័យ,lokanăy,"Naṅ 1794; All in verse, long Pali intro, rest Khmer verse",III.1,FEMC_Scheme_III_1,LangKm
WA1FEMC010038,មាឃបូជា វិសាខបូជា,māghapūjā visākhapūjā,krang?,III.1,FEMC_Scheme_III_1,LangKm
WA1FEMC010039,មហាទុគ្គត,mahā duggat,"Narrative, limited Pali",III.1,FEMC_Scheme_III_1,LangKm
WA1FEMC010040,មង្គលវិវាទ,maṅgal vivād,"Narrative, very limited Pali (Connection to vivāhamaṅgal?",III.1 or II.2?,FEMC_Scheme_III_1 or II_2?,LangKm
WA1FEMC010041,មារពន្ធន៏,mār bandhan,"Sermon-style nissaya, interesting beginning (Upagupta narrative)?",III.1,FEMC_Scheme_III_1,LangKm
WA1FEMC010042,មរណសង្គ្រាម,maraṇasaṅgrām,"Sermon-style, original Pali quotes, on the defeat of Maccurāja at death",III.1,FEMC_Scheme_III_1,LangKm
WA1FEMC010043,មាតុគ្រាម,mātugrām,"cpāp' or lpök braḥ dhaŕm, in kākagati",III.1,FEMC_Scheme_III_1,LangKm
WA1FEMC010044,មិលិន្ទប្បញ្ហា,milindappañhā,Old nissaya version in a.2; some others are Oum Sum's 1930 version,III.1,FEMC_Scheme_III_1,LangKm
WA1FEMC010045,នវហារាទិគុណ,navahārādiguṇ,"Sermon, for the sick, on the 9 names of the Buddha, pali phrases throughout",III.1,FEMC_Scheme_III_1,LangKm
WA1FEMC010046,និទានមហាឋានទាំង៧ ទាំង៨,nidān mahā ṭhān dāṃṅ 7 dāṃṅ 8,"Close nissaya, 1954; Rename as nissaya of various chanting texts and kammavācā",III.1,FEMC_Scheme_III_1,LangKm
WA1FEMC010047,បឋមសម្ពោធិ,paṭham sambodhi,Translated from Thai (19th c.); two versions,III.1,FEMC_Scheme_III_1,LangKm
WA1FEMC010048,បឋមត្រាស់,paṭham trās',The old version; Some are actually abridged,III.1,FEMC_Scheme_III_1,LangKm
WA1FEMC010049,បឋមត្រាស់សង្ខេបសេចក្ដី,paṭham trās' saṅkhep sec-ktī,,III.1,FEMC_Scheme_III_1,LangKm
WA1FEMC010050,បដិច្ចសមុប្បាទ,paṭiccasamuppād,"1851, by Thai-trained monk, Samdech Chau Dhammakitti, at Udong (gives detailed textual history). Long pali quotes, some nissaya, some explanations in Khmer prose.",III.1,FEMC_Scheme_III_1,LangKm
WA1FEMC010051,បេតវត្ថុ,pet vatthu,"Long, narrative/explanation, some extensive Pali passages, some Khmer-only parts",III.1,FEMC_Scheme_III_1,LangKm
WA1FEMC010052,បេតវេណី,pet veṇī,"Long narrative, mostly Khmer",III.1,FEMC_Scheme_III_1,LangKm
WA1FEMC010053,ប្រស្នាត្រៃគុណ,prasnā trai guṇ,,III.1,FEMC_Scheme_III_1,LangKm
WA1FEMC010054,ប្រែនមោ,prè namo,From Thai?,III.1,FEMC_Scheme_III_1,LangKm
WA1FEMC010055,បុច្ឆាវិស្សជ្ជនា,pucchā vissajjanā,??,III.1,FEMC_Scheme_III_1,LangKm
WA1FEMC010056,សង្ឃរតនៈ,saṅgh ratana:,From Thai pubbasikkhā?,III.1,FEMC_Scheme_III_1,LangKm
WA1FEMC010057,សង្គាយនាគ្រែ២,saṅgāyanā grè 2,,III.1,FEMC_Scheme_III_1,LangKm
WA1FEMC010058,សង្គាយនាគ្រែ៣,saṅgāyanā grè 3,,III.1,FEMC_Scheme_III_1,LangKm
WA1FEMC010059,សង្គាយនាគ្រែ៥,saṅgāyanā grè 5,,III.1,FEMC_Scheme_III_1,LangKm
WA1FEMC010060,សង្រួមព្រះសារីរិកធាតុ,saṅruom braḥ sārīrikadhātu,,III.1,FEMC_Scheme_III_1,LangKm
WA1FEMC010061,សារត្ថសង្គហៈ,sāratthasaṅgaha:,Nissaya that fades to Khmer,III.1,FEMC_Scheme_III_1,LangKm
WA1FEMC010062,សត្តវិបាកា,satt vipākā,"Incredible text, 2460, fine writing, lots of Pali quotes, Khmer prose doctrine, 3 columns",III.1,FEMC_Scheme_III_1,LangKm
WA1FEMC010063,សត្តពោជ្ឈង្គ,sattabojjhaṅg,"1 fasc version is a simple sermon, some nissaya, mostly Khmer; 8 fasc is same style but extended over the different factors, each fascicle a factor",III.1,FEMC_Scheme_III_1,LangKm
WA1FEMC010064,សោទត្តកិ,sodattaki,"Narrative, limited Pali",III.1,FEMC_Scheme_III_1,LangKm
WA1FEMC010065,សុប្បិយបរិពា្វជក​ និទានព្រះបាទអជាតសត្រូវនិង​ព្រហ្មទត្តមាណព,suppiy paribbājak nidān braḥ pād ajāt satrūv niṅ brahmadatt māṇab,,III.1,FEMC_Scheme_III_1,LangKm
WA1FEMC010066,តម្រាប់លោកន័យ,tamrāp' lokanăy,Nissaya (with descreasing Pali),III.1,FEMC_Scheme_III_1,LangKm
WA1FEMC010067,ត្រៃកូដធម៌,trai kūṭ dhaṛm,"Suṅ Ŝīv 1951, book (copied 1959)",III.1,FEMC_Scheme_III_1,LangKm
WA1FEMC010068,ត្រៃលក្ខណញាណ,trai lakkhaṇ ñāṇ,"Modern sermon, Khmer prose, very little Pali",III.1,FEMC_Scheme_III_1,LangKm
WA1FEMC010069,ត្រៃលោកវិនិច្ឆ័យ,trai lok vinicchăy,"Cosmology, limited Pali",III.1,FEMC_Scheme_III_1,LangKm
WA1FEMC010070,ត្រៃលោកវិត្ថារ,trai lok vitthār,"Q&A, cosmology, limited Pali",III.1,FEMC_Scheme_III_1,LangKm
WA1FEMC010071,ត្រៃសរណគមន៍,trai saraṇagaman,Modern-ish sermon/doctrine. Sometimes listed under III.3?,III.1,FEMC_Scheme_III_1,LangKm
WA1FEMC010072,"វិបស្សនា (ត្រៃសរណគមន៍, ត្រៃលក្ខណញាណ)","vipassanā (trai saraṇagaman, trai lakkhaṇañāṇ)",A compilation?,III.1,FEMC_Scheme_III_1,LangKm
WA1FEMC010073,វិបស្សនាញាណ,vipassanāñāṇ,,III.1,FEMC_Scheme_III_1,LangKm
WA1FEMC010074,វិបស្សនាញាណនិងវិជ្ជាញាណ,vipassanāñāṇ niṅ vijjāñāṇ,Similar to vipassanā ñāṇ?,III.1,FEMC_Scheme_III_1,LangKm
WA1FEMC010075,វិសុទ្ធិមគ្គមញ្ញានិទ្ទេស,visuddhimagg paññāniddes,Merge?,III.1,FEMC_Scheme_III_1,LangKm
WA1FEMC010076,វិសុទ្ធិមគ្គសមាធិនិទ្ទេស,visuddhimagg samādhiniddes,Merge?,III.1,FEMC_Scheme_III_1,LangKm
WA1FEMC010077,វិសុទ្ធិមគ្គសីលនិទេ្ចស,visuddhimagg sīlaniddes,Merge?,III.1,FEMC_Scheme_III_1,LangKm
WA1FEMC010078,វិសុទ្ធិមគ្គវិនិច្ឆ័យ,visuddhimagg vinicchăy,,III.1,FEMC_Scheme_III_1,LangKm
WA1FEMC010079,អនត្តាធម៌,anattādhaṛm,,III.1,FEMC_Scheme_III_1,LangKm
WA1FEMC010080,អដ្ឋង្គិកមគ្គ,aṭṭhaṅgikamagg,,III.1,FEMC_Scheme_III_1,LangKm
WA1FEMC010081,ភិមវង្ស,bhimavaṅs,Genre (II.1)? bhinavaṅs?,III.1,FEMC_Scheme_III_1,LangKm
WA1FEMC010082,ព្រះពុទ្ធអង្គដោះប្រស្នានាងទេវតា,braḥ buddh aṅg ṭoḥ prasnā nāṅ devatā,,III.1,FEMC_Scheme_III_1,LangKm
WA1FEMC010083,ព្រះពុទ្ធរតនគុណ ព្រះធម្មរតនគុណ ព្រះសង្ឃរតនគុណ,"braḥ buddh ratanaguṇ, braḥ dhamm ratanaguṇ, braḥ saṅgh ratanaguṇ",,III.1,FEMC_Scheme_III_1,LangKm
WA1FEMC010084,ព្រះពុទ្ធសាសនាប្រតិស្ឋាននៅកោះលង្កា,braḥ buddh sāsanā pratisṭhān nau koḥ laṅkā,??,III.1,FEMC_Scheme_III_1,LangKm
WA1FEMC010085,ព្រះសិអារ្យមេត្រីយ៍,braḥ si-āry-metrīy,,III.1,FEMC_Scheme_III_1,LangKm
WA1FEMC010086,ចោទអំពីសាសនា,cod aṃbī sāsanā,,III.1,FEMC_Scheme_III_1,LangKm
WA1FEMC010087,ចុលបណ្ឋកត្ថេរ,cul paṇṭhakatther,,III.1,FEMC_Scheme_III_1,LangKm
WA1FEMC010088,ទានកថា សីលកថា,dān kathā sīl kathā,,III.1,FEMC_Scheme_III_1,LangKm
WA1FEMC010089,ធជគ្គកម្ម,dhajagg kamm,,III.1,FEMC_Scheme_III_1,LangKm
WA1FEMC010090,ធម្មគុណដោយសង្ខេបកថា,dhamm guṇ ṭoy saṅkhep kathā,,III.1,FEMC_Scheme_III_1,LangKm
WA1FEMC010091,ធម្មសត្ថ,dhammasatth,,III.1,FEMC_Scheme_III_1,LangKm
WA1FEMC010092,គុណទោសកថា,guṇ dos kathā,,III.1,FEMC_Scheme_III_1,LangKm
WA1FEMC010093,ជិនកាលមាលិនី,jinakāl mālinī,,III.1,FEMC_Scheme_III_1,LangKm
WA1FEMC010094,កាយគតាព្រះមហាបដ្ឋានបទដើមជាសង្ខេបសេចក្តីខ្លីៗ,kāy gatā braḥ mahā paṭṭhān pad ṭöm jā saṅkhep sec-ktī khlī 2,Relationship to kāy gatā?,III.1,FEMC_Scheme_III_1,LangKm
WA1FEMC010095,កាយគតាសតិ,kāy gatā sati,Relationship to kāy gatā?,III.1,FEMC_Scheme_III_1,LangKm
WA1FEMC010096,ខរបៀបញែកបទនមោតស្សឲ្យវិត្ថារ,kha rapīep ñèk pad namo tassa Aoy° vitthār,Related to ṭīkā namo?,III.1,FEMC_Scheme_III_1,LangKm
WA1FEMC010097,ខសង្គាយនាគ្រែ៣ (បុច្ឆាវិស្សជ្ជនាគ្រែ៣ និង អានិសង្សនានា),kha saṅgāyanā grè 3,,III.1,FEMC_Scheme_III_1,LangKm
WA1FEMC010098,កុកស្គម,kuk sgam,,III.1,FEMC_Scheme_III_1,LangKm
WA1FEMC010099,លោកន័យជាតក,lokanăy jātak,Relation to lokanăy?,III.1,FEMC_Scheme_III_1,LangKm
WA1FEMC010100,មធុរសវាហិនី,madhuras vāhinī,,III.1,FEMC_Scheme_III_1,LangKm
WA1FEMC010101,មាឃបូជា,māgh pūjā,Relation to others?,III.1,FEMC_Scheme_III_1,LangKm
WA1FEMC010102,មហាវង្ស,mahā vaṅs,,III.1,FEMC_Scheme_III_1,LangKm
WA1FEMC010103,មហាវគ្គ​ អានាបាណកថា,mahāvagg ānāpāṇ kathā,Copied from Tipiṭaka?,III.1,FEMC_Scheme_III_1,LangKm
WA1FEMC010104,មនោបុព្វកថា,manopubbakathā,,III.1,FEMC_Scheme_III_1,LangKm
WA1FEMC010105,មូលកងធម៌,mūl kaṅ dhaṛm,Same or not?,III.1,FEMC_Scheme_III_1,LangKm
WA1FEMC010106,នាងខុជ្ជុត្តរានិងនាងឧត្តរា,nāṅ khujjuttarā niṅ nāṅ Uttarā,From the the Maṅgalatthadīpanī?,III.1,FEMC_Scheme_III_1,LangKm
WA1FEMC010107,ញាណមណ្ឌល,ñāṇ maṇḍal,,III.1,FEMC_Scheme_III_1,LangKm
WA1FEMC010108,បញ្ចមហាប្រសាទ,pañcamahā prasād,,III.1,FEMC_Scheme_III_1,LangKm
WA1FEMC010109,បញ្ញាបារមី,paññā pāramī,,III.1,FEMC_Scheme_III_1,LangKm
WA1FEMC010110,បណ្ដូលសារពេជ្ញ,paṇtūl sārabejñ,,III.1,FEMC_Scheme_III_1,LangKm
WA1FEMC010112,បណ្តូលសាសនា,paṇtūl sāsanā,,III.1,FEMC_Scheme_III_1,LangKm
WA1FEMC010113,បឋមរូបសង្រ្គោះ,paṭham rūp saṅgroḥ,,III.1,FEMC_Scheme_III_1,LangKm
WA1FEMC010114,បឋមសម្ពោធិសង្ខេបសេចក្ដី,paṭham sambodhi saṅkhep sec-ktī,,III.1,FEMC_Scheme_III_1,LangKm
WA1FEMC010115,បឋមសង្គាយនាព្រះធម្មចក្ក (បឋមសង្គាយនាសម្រាប់ទេសនា១អង្គឯង),paṭham saṅgāyanā braḥ dhammacakk,,III.1,FEMC_Scheme_III_1,LangKm
WA1FEMC010116,"ប្រែពិស្តារ, តិរោកុឌ្ឌសូត្រ, សប្តប្រករណ៍","prè bistār, tirokuḍḍasūtr, sapt prakaraṇ",,III.1,FEMC_Scheme_III_1,LangKm
WA1FEMC010117,ប្រែធម៌៤ជំពូក,prè dhaṛm 4 jaṃbūk,,III.1,FEMC_Scheme_III_1,LangKm
WA1FEMC010118,ប្រែនមស្សការ,prè namassakār,,III.1,FEMC_Scheme_III_1,LangKm
WA1FEMC010119,បុច្ឆាព្យាករណ,pucchā byākaraṇ,,III.1,FEMC_Scheme_III_1,LangKm
WA1FEMC010120,បុច្ឆាវិស្សជ្ជនាអំពីព្រះពុទ្ធសាសនា,pucchā vissajjanā aṃbī braḥ buddh sāsanā,Relation to others?,III.1,FEMC_Scheme_III_1,LangKm
WA1FEMC010121,បុច្ឆាវិស្សជ្ជនាសរសើរគុណព្រះរតនត្រៃ,pucchā vissajjanā sar-sör guṇ braḥ ratanatrai,Relation to others?,III.1,FEMC_Scheme_III_1,LangKm
WA1FEMC010122,បុញ្ញកិរិយាវត្ថុ១០ប្រការ,puññakiriyā vatthu 10 prakār,,III.1,FEMC_Scheme_III_1,LangKm
WA1FEMC010123,រឿងអាយុវឌ្ឍនកុមារ,rīöṅ āyu vaḍḍhana kumār,Genre?,III.1,FEMC_Scheme_III_1,LangKm
WA1FEMC010124,សព្វកាមទទោនិធិ,sabbakāmadadonidhi,?,III.1,FEMC_Scheme_III_1,LangKm
WA1FEMC010125,សទ្ទសារវិនិច្ឆ័យ,saddasār vinicchăy,,III.1,FEMC_Scheme_III_1,LangKm
WA1FEMC010126,"សហស្សនយ, បាលីអានត្រៃ, សង្គាយនាគ្រែ៣","sahassanay, pālī ān trai, saṅgāyanā grè 3",Really just a saṅgāyanā grè 3?,III.1,FEMC_Scheme_III_1,LangKm
WA1FEMC010127,សម្ដែងអំពីរឿងស្មាទាន,samtèṅ ambī rīöṅ smādān,A kind of modern sermon?,III.1,FEMC_Scheme_III_1,LangKm
WA1FEMC010128,សម្ដែងរឿងបុគ្គលលះកាមគុណទាំង៥,samtèṅ rīöṅ puggal laḥ kām guṇ dāṃṅ 5,A kind of modern sermon?,III.1,FEMC_Scheme_III_1,LangKm
WA1FEMC010129,សង្គាយនាគ្រែ៣ពិស្ដារ,saṅgāyanā grè 3 bistār,Are some normal also bistār?,III.1,FEMC_Scheme_III_1,LangKm
WA1FEMC010130,សង្ឃគុណដោយសង្ខេបកថា,saṅgh guṇ ṭoy saṅkhep kathā,,III.1,FEMC_Scheme_III_1,LangKm
WA1FEMC010131,សង្ខេបពុទ្ធទំនាយពោធិសត្វពីសំណាក់ព្រះពុទ្ធ២៤អង្គ,saṅkhep buddh daṃnāy bodhisatv bī saṃṇāk' braḥ buddh 24 aṅg,,III.1,FEMC_Scheme_III_1,LangKm
WA1FEMC010132,សង្ខិតោវាទ,saṅkhitovād,,III.1,FEMC_Scheme_III_1,LangKm
WA1FEMC010133,សរណគមន៏ជាពាក្យប្រដៅព្រះអង្គ,saraṇagaman jā bāky praṭau braḥ aṅg,,III.1,FEMC_Scheme_III_1,LangKm
WA1FEMC010134,សារុបរាជធម្ម,sārup rāj dhamm,,III.1,FEMC_Scheme_III_1,LangKm
WA1FEMC010135,សុវណ្ណមាលា ​(បាលី៣ខ្សែខ្មែរ៣ខ្សែ),"suvaṇṇamālā (3 liasses en pālī, 3 liasses en khmer)",Should be jātaka?,III.1,FEMC_Scheme_III_1,LangKm
WA1FEMC010136,សុវិជ្ជាទុវិជ្ជា,suvijjā duvijjā,,III.1,FEMC_Scheme_III_1,LangKm
WA1FEMC010137,តោទេយ្យ,todeyy,Right place?,III.1,FEMC_Scheme_III_1,LangKm
WA1FEMC010138,ត្រៃសិក្ខាសាសនធម៌,trai sikkhā sāsanadhaṛm,Duplication?,III.1,FEMC_Scheme_III_1,LangKm
WA1FEMC010139,វិសាខបូជា,visākh pūjā,Relation to other māgha/visāka?,III.1,FEMC_Scheme_III_1,LangKm
WA1FEMC010140,វិស្សជ្ជនាព្រះសូត្រក្នុងគម្ពីរទេវតាសំយុត្ត,vissajjanā braḥ sūtr knuṅ gambīr devatā saṃyutt,Relationship to saṅgāyanā?,III.1 or II.2?,FEMC_Scheme_III_1 or II_2?,LangKm
WA1FEMC010141,វិសុទ្ធិមគ្គសង្រ្គោះរូបភូតទាំង៤,visuddhimagg saṅgroḥ rūp bhūt dāṃṅ 4,,III.1,FEMC_Scheme_III_1,LangKm
WA1FEMC010142,វិវាហមង្គល,vivāhamaṅgal,Relationship to maṅgala-vivāha?,III.1,FEMC_Scheme_III_1,LangKm
WA1FEMC010143,ចោទឆ្លើយគម្ពីរព្រះសូត្របិដក,,Related to which saṅgāyanā?,III.1,FEMC_Scheme_III_1,LangKm
WA1FEMC010144,ធម្មចក្ក,dhammacakk,Same as the II.I version (merge),III.1,FEMC_Scheme_III_1,LangKm
WA1FEMC010145,ទុគ្គត,duggat,Related to mahāduggat?,III.1,FEMC_Scheme_III_1,LangKm
WA1FEMC010146,ធម្មសុវណ្ណនាវាកថា,dhamm suvaṇṇ nāvā kathā,,III.1,FEMC_Scheme_III_1,LangKm
WA1FEMC010147,បឋមនិព្វាន,paṭham nibbān,,III.1,FEMC_Scheme_III_1,LangKm
WA1FEMC050001,មហាវេស្សន្ដរជាតក,mahā vessantar,,III.5,FEMC_Scheme_III_5,LangKm
WA1FEMC050002,ភូរិទត្ត,bhūridatt,,III.5,FEMC_Scheme_III_5,LangKm
WA1FEMC050003,ពិធូរ,bidhūr,,III.5,FEMC_Scheme_III_5,LangKm
WA1FEMC050004,ចន្ទកុមារ,cand kumār,,III.5,FEMC_Scheme_III_5,LangKm
WA1FEMC050005,មហាជនក,mahā janak,,III.5,FEMC_Scheme_III_5,LangKm
WA1FEMC050006,មហោសថ,mahosath,,III.5,FEMC_Scheme_III_5,LangKm
WA1FEMC050007,នារទព្រហ្ម,nārad brahm,,III.5,FEMC_Scheme_III_5,LangKm
WA1FEMC050008,នេមិរាជជាតក,nemirāj jātak,,III.5,FEMC_Scheme_III_5,LangKm
WA1FEMC050009,"នេមិរាជ, នារទព្រហ្ម","nemirāj, nārad brahm",?,III.5,FEMC_Scheme_III_5,LangKm
WA1FEMC050010,សុវណ្ណសាម,suvaṇṇ sām,,III.5,FEMC_Scheme_III_5,LangKm
WA1FEMC050011,តេមិយ,temiy,,III.5,FEMC_Scheme_III_5,LangKm
WA1FEMC050012,ទសជាតក,das jātak,Short version of all ten?,III.5,FEMC_Scheme_III_5,LangKm
WA1FEMC050013,ទសជាតករបៀបរឿងទេសនា,das jātak rapīep rīöṅ desanā,,III.5,FEMC_Scheme_III_5,LangKm
WA1FEMC050014,ទសជាតកសង្ខេបសេចក្តី,das jātak saṅkhep sec-ktī,,III.5,FEMC_Scheme_III_5,LangKm
WA1FEMC050015,ព្រះបាទវិជ្ជាធរ,braḥ pād vijjādhar,,III.5,FEMC_Scheme_III_5,LangKm
WA1FEMC050016,ហារយជាតិ,hā ray jāti,,III.5,FEMC_Scheme_III_5,LangKm
WA1FEMC050017,នានាជាតក,nānā jātak,,III.5,FEMC_Scheme_III_5,LangKm
WA1FEMC050018,បញ្ញាសជាតក (សមុទ្ទឃោសជាតក),paññāsajātak (samuddaghos jātak),,III.5,FEMC_Scheme_III_5,LangKm
WA1FEMC050019,តិកនិបាត,tikanipāt,,III.5,FEMC_Scheme_III_5,LangKm
WA1FEMC050020,ចន្ទកិន្នរជាតក,cand kinnar jātak,,III.5,FEMC_Scheme_III_5,LangKm
WA1FEMC050021,"ទសជាតក,​​ នារទព្រហ្មជាតក, ពិធូរជាតក","das jātak, nārad brahm jātak, bidhūr jātak",Just parts?,III.5,FEMC_Scheme_III_5,LangKm
WA1FEMC050022,លុទ្ទកជាតក,luddak jātak,,III.5,FEMC_Scheme_III_5,LangKm
WA1FEMC050023,និទានជាតក,nidān jātak,?,III.5,FEMC_Scheme_III_5,LangKm
WA1FEMC050024,បញ្ញាសជាតក,paññāsajātak,,III.5,FEMC_Scheme_III_5,LangKm
WA1FEMC050025,សង្ខេបអានិសង្សក្នុងបញ្ញាសជាតក,saṅkhep ānisas knuṅ paññāsajātak,Move to ānisaṁsa?,III.5,FEMC_Scheme_III_5,LangKm
WA1FEMC050026,សុបិនកុមារ (បញ្ញាសជាតក),supin kumār (paññāsajātak),,III.5,FEMC_Scheme_III_5,LangKm
WA1FEMC090001,តម្រាថ្នាំ,tamrā thnāṃ,,IV.2,FEMC_Scheme_IV_2,LangKm
WA1FEMC090002,ទំនាយតាមខែនិងថ្ងៃ,daṃnāy tām khè niṅ thṅai,,IV.6,FEMC_Scheme_IV_6,LangKm
WA1FEMC090003,គាថាមកុដពេជ្រ,gāthā makuṭ bejr,,IV.6,FEMC_Scheme_IV_6,LangKm
WA1FEMC090004,ជ័យឥសី ​(វាន),jăy Isī,vien,IV.6,FEMC_Scheme_IV_6,LangKm
WA1FEMC090005,ក្បួនលក្ខណៈដែលបញ្ចុះក្នុងខ្លួនព្រះអង្គ,kpuon lakkhaṇa: ṭèl pañcuḥ knuṅ khluon braḥ aṅg,vien?,IV.6,FEMC_Scheme_IV_6,LangKm
WA1FEMC090006,ក្បួនឧត្បាត,kpuon Utpāt,vien?,IV.6,FEMC_Scheme_IV_6,LangKm
WA1FEMC090007,ក្រុងពាលី,kruṅ bālī,krang?,IV.6,FEMC_Scheme_IV_6,LangKm
WA1FEMC090008,មហាជ័យ​ ជ័យទិស​​ ជ័យឥសី,"mahā jăy, jăy dis, jăy Isī",vien?,IV.6,FEMC_Scheme_IV_6,LangKm
WA1FEMC090009,មើលជីពចរ,möl jīb car,krang?,IV.6,FEMC_Scheme_IV_6,LangKm
WA1FEMC090010,មើលថ្ងៃទាំង៧ខែ១២ចរយាត្រា,möl thṅai dāṃṅ 7 khè 12 car yātrā,krang?,IV.6,FEMC_Scheme_IV_6,LangKm
WA1FEMC090011,រំឭកគុណ,raṃḶak guṇ,vien?,IV.6,FEMC_Scheme_IV_6,LangKm
WA1FEMC090012,សិទ្ធិការ្យទិញទូក​ (វាន),siddhikāry diñ dūk,vien,IV.6,FEMC_Scheme_IV_6,LangKm
WA1FEMC090013,សិទ្ធិការ្យស្រដីពេលាជាន់ឆាយ​ (វាន),siddhikāry sraṭī beṭā jān' chāy,vien?,IV.6,FEMC_Scheme_IV_6,LangKm
WA1FEMC090014,សិទ្ធិការ្យដំណួល,siddhikāry ṭaṃṇuol,vien? krang?,IV.6,FEMC_Scheme_IV_6,LangKm
WA1FEMC090015,សិទ្ធីការ្យតម្រាបូជាពេលមានជំងឺ​ (វាន),siddhikāry tamrā pūjā bel mān jaṃṅị,?,IV.6,FEMC_Scheme_IV_6,LangKm
WA1FEMC090016,សិទ្ធិការ្យតម្រាបូជាពេលមានជំងឺ (វាន),siddhikāry tamrā pūjā bel mān jaṃṅị,?,IV.6,FEMC_Scheme_IV_6,LangKm
WA1FEMC090017,ស្លុតីតូច,slutī tūc,?,IV.6,FEMC_Scheme_IV_6,LangKm
WA1FEMC090018,សូត្រមន្តផ្ទះ (វាន),sūtr mant phdaḥ,vien,IV.6,FEMC_Scheme_IV_6,LangKm
WA1FEMC090019,ដំណួលថ្ងៃ,ṭaṃṇuol thṅai,krang?,IV.6,FEMC_Scheme_IV_6,LangKm
WA1FEMC090020,តម្រាព្រះគាថា,tamrā braḥ gāthā,vien,IV.6,FEMC_Scheme_IV_6,LangKm
WA1FEMC090021,តម្រាចាក់ផ្សង (វាន),tamrā cāk' phsaṅ,vien,IV.6,FEMC_Scheme_IV_6,LangKm
WA1FEMC090022,តម្រាកុមារតន់,tamrā kumār tan',?,IV.6,FEMC_Scheme_IV_6,LangKm
WA1FEMC090023,តម្រាថ្នាំបម្រុងគភ៌កូនក្នុងផ្ទៃ,tamrā thnāṃ paṃruṅ gaṛbh kūn knuṅ phdai,vien?,IV.6,FEMC_Scheme_IV_6,LangKm
WA1FEMC090024,តម្រាអុត,tamrā ut,vien?,IV.6,FEMC_Scheme_IV_6,LangKm
WA1FEMC090025,យាមសូរ្យក្រឡា,yām sūryakraḷā,vien?,IV.6,FEMC_Scheme_IV_6,LangKm
